dataset,seed,corruption,severity,alpha,method,n_train,n_calib,n_aug_calib,n_test,n_classes,coverage,avg_set_size,singleton_rate,singleton_accuracy,empty_rate,top1_accuracy,ece
ECG200,0,gap,0.05,0.1,clean_split_cp,65,35,245,100,2,0.96,1.42,0.58,0.9310344827586207,0.0,0.88,0.09393804700705594
ECG200,0,gap,0.05,0.1,aug_split_cp,65,35,245,100,2,0.94,1.28,0.72,0.9166666666666666,0.0,0.88,0.09393804700705594
ECG200,0,gap,0.05,0.1,label_smooth_aug_cp,65,35,245,100,2,0.94,1.28,0.72,0.9166666666666666,0.0,0.88,0.09393804700705594
ECG200,0,gap,0.05,0.1,confidence_weighted_cp,65,35,245,100,2,0.94,1.35,0.65,0.9076923076923077,0.0,0.88,0.09393804700705594
ECG200,0,gap,0.05,0.1,fast_cp,65,35,245,100,2,0.95,1.3,0.7,0.9285714285714286,0.0,0.88,0.09393804700705594
ECG200,0,gap,0.05,0.05,clean_split_cp,65,35,245,100,2,1.0,1.85,0.15,1.0,0.0,0.88,0.09393804700705594
ECG200,0,gap,0.05,0.05,aug_split_cp,65,35,245,100,2,0.98,1.63,0.37,0.9459459459459459,0.0,0.88,0.09393804700705594
ECG200,0,gap,0.05,0.05,label_smooth_aug_cp,65,35,245,100,2,0.98,1.63,0.37,0.9459459459459459,0.0,0.88,0.09393804700705594
ECG200,0,gap,0.05,0.05,confidence_weighted_cp,65,35,245,100,2,0.99,1.78,0.22,0.9545454545454546,0.0,0.88,0.09393804700705594
ECG200,0,gap,0.05,0.05,fast_cp,65,35,245,100,2,0.98,1.57,0.43,0.9534883720930233,0.0,0.88,0.09393804700705594
ECG200,0,gap,0.1,0.1,clean_split_cp,65,35,245,100,2,0.97,1.41,0.59,0.9491525423728814,0.0,0.82,0.1109891322045499
ECG200,0,gap,0.1,0.1,aug_split_cp,65,35,245,100,2,0.94,1.25,0.75,0.92,0.0,0.82,0.1109891322045499
ECG200,0,gap,0.1,0.1,label_smooth_aug_cp,65,35,245,100,2,0.94,1.25,0.75,0.92,0.0,0.82,0.1109891322045499
ECG200,0,gap,0.1,0.1,confidence_weighted_cp,65,35,245,100,2,0.95,1.33,0.67,0.9253731343283582,0.0,0.82,0.1109891322045499
ECG200,0,gap,0.1,0.1,fast_cp,65,35,245,100,2,0.95,1.3,0.7,0.9285714285714286,0.0,0.82,0.1109891322045499
ECG200,0,gap,0.1,0.05,clean_split_cp,65,35,245,100,2,1.0,1.87,0.13,1.0,0.0,0.82,0.1109891322045499
ECG200,0,gap,0.1,0.05,aug_split_cp,65,35,245,100,2,0.98,1.59,0.41,0.9512195121951219,0.0,0.82,0.1109891322045499
ECG200,0,gap,0.1,0.05,label_smooth_aug_cp,65,35,245,100,2,0.98,1.59,0.41,0.9512195121951219,0.0,0.82,0.1109891322045499
ECG200,0,gap,0.1,0.05,confidence_weighted_cp,65,35,245,100,2,0.98,1.76,0.24,0.9166666666666666,0.0,0.82,0.1109891322045499
ECG200,0,gap,0.1,0.05,fast_cp,65,35,245,100,2,0.98,1.56,0.44,0.9545454545454546,0.0,0.82,0.1109891322045499
ECG200,0,gap,0.2,0.1,clean_split_cp,65,35,245,100,2,0.98,1.48,0.52,0.9615384615384616,0.0,0.8,0.1358568429436866
ECG200,0,gap,0.2,0.1,aug_split_cp,65,35,245,100,2,0.93,1.29,0.71,0.9014084507042254,0.0,0.8,0.1358568429436866
ECG200,0,gap,0.2,0.1,label_smooth_aug_cp,65,35,245,100,2,0.93,1.29,0.71,0.9014084507042254,0.0,0.8,0.1358568429436866
ECG200,0,gap,0.2,0.1,confidence_weighted_cp,65,35,245,100,2,0.93,1.33,0.67,0.8955223880597015,0.0,0.8,0.1358568429436866
ECG200,0,gap,0.2,0.1,fast_cp,65,35,245,100,2,0.94,1.3,0.7,0.9142857142857143,0.0,0.8,0.1358568429436866
ECG200,0,gap,0.2,0.05,clean_split_cp,65,35,245,100,2,0.99,1.86,0.14,0.9285714285714286,0.0,0.8,0.1358568429436866
ECG200,0,gap,0.2,0.05,aug_split_cp,65,35,245,100,2,0.98,1.61,0.39,0.9487179487179487,0.0,0.8,0.1358568429436866
ECG200,0,gap,0.2,0.05,label_smooth_aug_cp,65,35,245,100,2,0.98,1.61,0.39,0.9487179487179487,0.0,0.8,0.1358568429436866
ECG200,0,gap,0.2,0.05,confidence_weighted_cp,65,35,245,100,2,0.97,1.77,0.23,0.8695652173913043,0.0,0.8,0.1358568429436866
ECG200,0,gap,0.2,0.05,fast_cp,65,35,245,100,2,0.98,1.52,0.48,0.9583333333333334,0.0,0.8,0.1358568429436866
ECG200,0,noise,0.05,0.1,clean_split_cp,65,35,245,100,2,0.96,1.43,0.57,0.9298245614035088,0.0,0.86,0.09367895071466872
ECG200,0,noise,0.05,0.1,aug_split_cp,65,35,245,100,2,0.93,1.23,0.77,0.9090909090909091,0.0,0.86,0.09367895071466872
ECG200,0,noise,0.05,0.1,label_smooth_aug_cp,65,35,245,100,2,0.93,1.23,0.77,0.9090909090909091,0.0,0.86,0.09367895071466872
ECG200,0,noise,0.05,0.1,confidence_weighted_cp,65,35,245,100,2,0.95,1.31,0.69,0.927536231884058,0.0,0.86,0.09367895071466872
ECG200,0,noise,0.05,0.1,fast_cp,65,35,245,100,2,0.93,1.23,0.77,0.9090909090909091,0.0,0.86,0.09367895071466872
ECG200,0,noise,0.05,0.05,clean_split_cp,65,35,245,100,2,1.0,1.86,0.14,1.0,0.0,0.86,0.09367895071466872
ECG200,0,noise,0.05,0.05,aug_split_cp,65,35,245,100,2,0.97,1.58,0.42,0.9285714285714286,0.0,0.86,0.09367895071466872
ECG200,0,noise,0.05,0.05,label_smooth_aug_cp,65,35,245,100,2,0.97,1.58,0.42,0.9285714285714286,0.0,0.86,0.09367895071466872
ECG200,0,noise,0.05,0.05,confidence_weighted_cp,65,35,245,100,2,1.0,1.75,0.25,1.0,0.0,0.86,0.09367895071466872
ECG200,0,noise,0.05,0.05,fast_cp,65,35,245,100,2,0.97,1.57,0.43,0.9302325581395349,0.0,0.86,0.09367895071466872
ECG200,0,noise,0.1,0.1,clean_split_cp,65,35,245,100,2,0.97,1.47,0.53,0.9433962264150944,0.0,0.82,0.13782659974132982
ECG200,0,noise,0.1,0.1,aug_split_cp,65,35,245,100,2,0.94,1.29,0.71,0.9154929577464789,0.0,0.82,0.13782659974132982
ECG200,0,noise,0.1,0.1,label_smooth_aug_cp,65,35,245,100,2,0.94,1.29,0.71,0.9154929577464789,0.0,0.82,0.13782659974132982
ECG200,0,noise,0.1,0.1,confidence_weighted_cp,65,35,245,100,2,0.96,1.39,0.61,0.9344262295081968,0.0,0.82,0.13782659974132982
ECG200,0,noise,0.1,0.1,fast_cp,65,35,245,100,2,0.95,1.3,0.7,0.9285714285714286,0.0,0.82,0.13782659974132982
ECG200,0,noise,0.1,0.05,clean_split_cp,65,35,245,100,2,1.0,1.8,0.2,1.0,0.0,0.82,0.13782659974132982
ECG200,0,noise,0.1,0.05,aug_split_cp,65,35,245,100,2,0.98,1.57,0.43,0.9534883720930233,0.0,0.82,0.13782659974132982
ECG200,0,noise,0.1,0.05,label_smooth_aug_cp,65,35,245,100,2,0.98,1.57,0.43,0.9534883720930233,0.0,0.82,0.13782659974132982
ECG200,0,noise,0.1,0.05,confidence_weighted_cp,65,35,245,100,2,1.0,1.74,0.26,1.0,0.0,0.82,0.13782659974132982
ECG200,0,noise,0.1,0.05,fast_cp,65,35,245,100,2,0.99,1.57,0.43,0.9767441860465116,0.0,0.82,0.13782659974132982
ECG200,0,noise,0.2,0.1,clean_split_cp,65,35,245,100,2,0.94,1.38,0.62,0.9032258064516129,0.0,0.74,0.19932869379219315
ECG200,0,noise,0.2,0.1,aug_split_cp,65,35,245,100,2,0.89,1.27,0.73,0.8493150684931506,0.0,0.74,0.19932869379219315
ECG200,0,noise,0.2,0.1,label_smooth_aug_cp,65,35,245,100,2,0.89,1.27,0.73,0.8493150684931506,0.0,0.74,0.19932869379219315
ECG200,0,noise,0.2,0.1,confidence_weighted_cp,65,35,245,100,2,0.92,1.33,0.67,0.8805970149253731,0.0,0.74,0.19932869379219315
ECG200,0,noise,0.2,0.1,fast_cp,65,35,245,100,2,0.87,1.23,0.77,0.8311688311688312,0.0,0.74,0.19932869379219315
ECG200,0,noise,0.2,0.05,clean_split_cp,65,35,245,100,2,0.99,1.7,0.3,0.9666666666666667,0.0,0.74,0.19932869379219315
ECG200,0,noise,0.2,0.05,aug_split_cp,65,35,245,100,2,0.97,1.51,0.49,0.9387755102040817,0.0,0.74,0.19932869379219315
ECG200,0,noise,0.2,0.05,label_smooth_aug_cp,65,35,245,100,2,0.97,1.51,0.49,0.9387755102040817,0.0,0.74,0.19932869379219315
ECG200,0,noise,0.2,0.05,confidence_weighted_cp,65,35,245,100,2,0.98,1.6,0.4,0.95,0.0,0.74,0.19932869379219315
ECG200,0,noise,0.2,0.05,fast_cp,65,35,245,100,2,0.97,1.48,0.52,0.9423076923076923,0.0,0.74,0.19932869379219315
GunPoint,0,gap,0.05,0.1,clean_split_cp,32,18,126,150,2,0.9733333333333334,1.1733333333333333,0.8266666666666667,0.967741935483871,0.0,0.8933333333333333,0.03707156544838769
GunPoint,0,gap,0.05,0.1,aug_split_cp,32,18,126,150,2,0.9666666666666667,1.16,0.84,0.9603174603174603,0.0,0.8933333333333333,0.03707156544838769
GunPoint,0,gap,0.05,0.1,label_smooth_aug_cp,32,18,126,150,2,0.9666666666666667,1.16,0.84,0.9603174603174603,0.0,0.8933333333333333,0.03707156544838769
GunPoint,0,gap,0.05,0.1,confidence_weighted_cp,32,18,126,150,2,0.98,1.2266666666666666,0.7733333333333333,0.9741379310344828,0.0,0.8933333333333333,0.03707156544838769
GunPoint,0,gap,0.05,0.1,fast_cp,32,18,126,150,2,0.96,1.12,0.88,0.9545454545454546,0.0,0.8933333333333333,0.03707156544838769
GunPoint,0,gap,0.05,0.05,clean_split_cp,32,18,126,150,2,0.9733333333333334,1.1733333333333333,0.8266666666666667,0.967741935483871,0.0,0.8933333333333333,0.03707156544838769
GunPoint,0,gap,0.05,0.05,aug_split_cp,32,18,126,150,2,0.9866666666666667,1.2533333333333334,0.7466666666666667,0.9821428571428571,0.0,0.8933333333333333,0.03707156544838769
GunPoint,0,gap,0.05,0.05,label_smooth_aug_cp,32,18,126,150,2,0.9866666666666667,1.2533333333333334,0.7466666666666667,0.9821428571428571,0.0,0.8933333333333333,0.03707156544838769
GunPoint,0,gap,0.05,0.05,confidence_weighted_cp,32,18,126,150,2,0.9866666666666667,1.2533333333333334,0.7466666666666667,0.9821428571428571,0.0,0.8933333333333333,0.03707156544838769
GunPoint,0,gap,0.05,0.05,fast_cp,32,18,126,150,2,0.98,1.2266666666666666,0.7733333333333333,0.9741379310344828,0.0,0.8933333333333333,0.03707156544838769
GunPoint,0,gap,0.1,0.1,clean_split_cp,32,18,126,150,2,0.9866666666666667,1.18,0.82,0.983739837398374,0.0,0.9133333333333333,0.06759145538589524
GunPoint,0,gap,0.1,0.1,aug_split_cp,32,18,126,150,2,0.98,1.16,0.84,0.9761904761904762,0.0,0.9133333333333333,0.06759145538589524
GunPoint,0,gap,0.1,0.1,label_smooth_aug_cp,32,18,126,150,2,0.98,1.16,0.84,0.9761904761904762,0.0,0.9133333333333333,0.06759145538589524
GunPoint,0,gap,0.1,0.1,confidence_weighted_cp,32,18,126,150,2,0.9866666666666667,1.2133333333333334,0.7866666666666666,0.9830508474576272,0.0,0.9133333333333333,0.06759145538589524
GunPoint,0,gap,0.1,0.1,fast_cp,32,18,126,150,2,0.98,1.1333333333333333,0.8666666666666667,0.9769230769230769,0.0,0.9133333333333333,0.06759145538589524
GunPoint,0,gap,0.1,0.05,clean_split_cp,32,18,126,150,2,0.9866666666666667,1.18,0.82,0.983739837398374,0.0,0.9133333333333333,0.06759145538589524
GunPoint,0,gap,0.1,0.05,aug_split_cp,32,18,126,150,2,0.9933333333333333,1.2466666666666666,0.7533333333333333,0.9911504424778761,0.0,0.9133333333333333,0.06759145538589524
GunPoint,0,gap,0.1,0.05,label_smooth_aug_cp,32,18,126,150,2,0.9933333333333333,1.2466666666666666,0.7533333333333333,0.9911504424778761,0.0,0.9133333333333333,0.06759145538589524
GunPoint,0,gap,0.1,0.05,confidence_weighted_cp,32,18,126,150,2,0.9933333333333333,1.2466666666666666,0.7533333333333333,0.9911504424778761,0.0,0.9133333333333333,0.06759145538589524
GunPoint,0,gap,0.1,0.05,fast_cp,32,18,126,150,2,0.9866666666666667,1.2133333333333334,0.7866666666666666,0.9830508474576272,0.0,0.9133333333333333,0.06759145538589524
GunPoint,0,gap,0.2,0.1,clean_split_cp,32,18,126,150,2,0.9333333333333333,1.1933333333333334,0.8066666666666666,0.9173553719008265,0.0,0.8733333333333333,0.06132538567238967
GunPoint,0,gap,0.2,0.1,aug_split_cp,32,18,126,150,2,0.9333333333333333,1.1933333333333334,0.8066666666666666,0.9173553719008265,0.0,0.8733333333333333,0.06132538567238967
GunPoint,0,gap,0.2,0.1,label_smooth_aug_cp,32,18,126,150,2,0.9333333333333333,1.1933333333333334,0.8066666666666666,0.9173553719008265,0.0,0.8733333333333333,0.06132538567238967
GunPoint,0,gap,0.2,0.1,confidence_weighted_cp,32,18,126,150,2,0.9333333333333333,1.2266666666666666,0.7733333333333333,0.9137931034482759,0.0,0.8733333333333333,0.06132538567238967
GunPoint,0,gap,0.2,0.1,fast_cp,32,18,126,150,2,0.9133333333333333,1.1533333333333333,0.8466666666666667,0.8976377952755905,0.0,0.8733333333333333,0.06132538567238967
GunPoint,0,gap,0.2,0.05,clean_split_cp,32,18,126,150,2,0.9333333333333333,1.1933333333333334,0.8066666666666666,0.9173553719008265,0.0,0.8733333333333333,0.06132538567238967
GunPoint,0,gap,0.2,0.05,aug_split_cp,32,18,126,150,2,0.9533333333333334,1.2733333333333334,0.7266666666666667,0.9357798165137615,0.0,0.8733333333333333,0.06132538567238967
GunPoint,0,gap,0.2,0.05,label_smooth_aug_cp,32,18,126,150,2,0.9533333333333334,1.2733333333333334,0.7266666666666667,0.9357798165137615,0.0,0.8733333333333333,0.06132538567238967
GunPoint,0,gap,0.2,0.05,confidence_weighted_cp,32,18,126,150,2,0.9533333333333334,1.2733333333333334,0.7266666666666667,0.9357798165137615,0.0,0.8733333333333333,0.06132538567238967
GunPoint,0,gap,0.2,0.05,fast_cp,32,18,126,150,2,0.9333333333333333,1.2266666666666666,0.7733333333333333,0.9137931034482759,0.0,0.8733333333333333,0.06132538567238967
GunPoint,0,noise,0.05,0.1,clean_split_cp,32,18,126,150,2,0.98,1.22,0.78,0.9743589743589743,0.0,0.9,0.03152660726608932
GunPoint,0,noise,0.05,0.1,aug_split_cp,32,18,126,150,2,0.9733333333333334,1.2066666666666668,0.7933333333333333,0.9663865546218487,0.0,0.9,0.03152660726608932
GunPoint,0,noise,0.05,0.1,label_smooth_aug_cp,32,18,126,150,2,0.9733333333333334,1.2066666666666668,0.7933333333333333,0.9663865546218487,0.0,0.9,0.03152660726608932
GunPoint,0,noise,0.05,0.1,confidence_weighted_cp,32,18,126,150,2,0.9866666666666667,1.24,0.76,0.9824561403508771,0.0,0.9,0.03152660726608932
GunPoint,0,noise,0.05,0.1,fast_cp,32,18,126,150,2,0.9666666666666667,1.1533333333333333,0.8466666666666667,0.9606299212598425,0.0,0.9,0.03152660726608932
GunPoint,0,noise,0.05,0.05,clean_split_cp,32,18,126,150,2,0.98,1.22,0.78,0.9743589743589743,0.0,0.9,0.03152660726608932
GunPoint,0,noise,0.05,0.05,aug_split_cp,32,18,126,150,2,0.9866666666666667,1.2733333333333334,0.7266666666666667,0.981651376146789,0.0,0.9,0.03152660726608932
GunPoint,0,noise,0.05,0.05,label_smooth_aug_cp,32,18,126,150,2,0.9866666666666667,1.2733333333333334,0.7266666666666667,0.981651376146789,0.0,0.9,0.03152660726608932
GunPoint,0,noise,0.05,0.05,confidence_weighted_cp,32,18,126,150,2,0.9866666666666667,1.2733333333333334,0.7266666666666667,0.981651376146789,0.0,0.9,0.03152660726608932
GunPoint,0,noise,0.05,0.05,fast_cp,32,18,126,150,2,0.9866666666666667,1.24,0.76,0.9824561403508771,0.0,0.9,0.03152660726608932
GunPoint,0,noise,0.1,0.1,clean_split_cp,32,18,126,150,2,0.9466666666666667,1.2266666666666666,0.7733333333333333,0.9310344827586207,0.0,0.8733333333333333,0.0638745014857415
GunPoint,0,noise,0.1,0.1,aug_split_cp,32,18,126,150,2,0.94,1.2133333333333334,0.7866666666666666,0.923728813559322,0.0,0.8733333333333333,0.0638745014857415
GunPoint,0,noise,0.1,0.1,label_smooth_aug_cp,32,18,126,150,2,0.94,1.2133333333333334,0.7866666666666666,0.923728813559322,0.0,0.8733333333333333,0.0638745014857415
GunPoint,0,noise,0.1,0.1,confidence_weighted_cp,32,18,126,150,2,0.9666666666666667,1.2933333333333332,0.7066666666666667,0.9528301886792453,0.0,0.8733333333333333,0.0638745014857415
GunPoint,0,noise,0.1,0.1,fast_cp,32,18,126,150,2,0.9333333333333333,1.2,0.8,0.9166666666666666,0.0,0.8733333333333333,0.0638745014857415
GunPoint,0,noise,0.1,0.05,clean_split_cp,32,18,126,150,2,0.9466666666666667,1.2266666666666666,0.7733333333333333,0.9310344827586207,0.0,0.8733333333333333,0.0638745014857415
GunPoint,0,noise,0.1,0.05,aug_split_cp,32,18,126,150,2,0.9733333333333334,1.32,0.68,0.9607843137254902,0.0,0.8733333333333333,0.0638745014857415
GunPoint,0,noise,0.1,0.05,label_smooth_aug_cp,32,18,126,150,2,0.9733333333333334,1.32,0.68,0.9607843137254902,0.0,0.8733333333333333,0.0638745014857415
GunPoint,0,noise,0.1,0.05,confidence_weighted_cp,32,18,126,150,2,0.9733333333333334,1.32,0.68,0.9607843137254902,0.0,0.8733333333333333,0.0638745014857415
GunPoint,0,noise,0.1,0.05,fast_cp,32,18,126,150,2,0.9666666666666667,1.2933333333333332,0.7066666666666667,0.9528301886792453,0.0,0.8733333333333333,0.0638745014857415
GunPoint,0,noise,0.2,0.1,clean_split_cp,32,18,126,150,2,0.82,1.2666666666666666,0.7333333333333333,0.7545454545454545,0.0,0.6666666666666666,0.21381089980451673
GunPoint,0,noise,0.2,0.1,aug_split_cp,32,18,126,150,2,0.8133333333333334,1.2533333333333334,0.7466666666666667,0.75,0.0,0.6666666666666666,0.21381089980451673
GunPoint,0,noise,0.2,0.1,label_smooth_aug_cp,32,18,126,150,2,0.8133333333333334,1.2533333333333334,0.7466666666666667,0.75,0.0,0.6666666666666666,0.21381089980451673
GunPoint,0,noise,0.2,0.1,confidence_weighted_cp,32,18,126,150,2,0.84,1.32,0.68,0.7647058823529411,0.0,0.6666666666666666,0.21381089980451673
GunPoint,0,noise,0.2,0.1,fast_cp,32,18,126,150,2,0.8133333333333334,1.2533333333333334,0.7466666666666667,0.75,0.0,0.6666666666666666,0.21381089980451673
GunPoint,0,noise,0.2,0.05,clean_split_cp,32,18,126,150,2,0.82,1.2666666666666666,0.7333333333333333,0.7545454545454545,0.0,0.6666666666666666,0.21381089980451673
GunPoint,0,noise,0.2,0.05,aug_split_cp,32,18,126,150,2,0.84,1.3266666666666667,0.6733333333333333,0.7623762376237624,0.0,0.6666666666666666,0.21381089980451673
GunPoint,0,noise,0.2,0.05,label_smooth_aug_cp,32,18,126,150,2,0.84,1.3266666666666667,0.6733333333333333,0.7623762376237624,0.0,0.6666666666666666,0.21381089980451673
GunPoint,0,noise,0.2,0.05,confidence_weighted_cp,32,18,126,150,2,0.84,1.3266666666666667,0.6733333333333333,0.7623762376237624,0.0,0.6666666666666666,0.21381089980451673
GunPoint,0,noise,0.2,0.05,fast_cp,32,18,126,150,2,0.8466666666666667,1.34,0.66,0.7676767676767676,0.0,0.6666666666666666,0.21381089980451673
