dataset,seed,corruption,severity,alpha,method,backbone,epochs,n_train,n_calib,n_aug_calib,n_test,n_classes,coverage,avg_set_size,singleton_rate,singleton_accuracy,empty_rate,top1_accuracy,ece
ECG200,0,gap,0.05,0.05,clean_split_cp,fcn,20,65,35,350,100,2,0.97,1.84,0.16,0.8125,0.0,0.36,0.6176185750961304
ECG200,0,gap,0.05,0.05,aug_split_cp,fcn,20,65,35,350,100,2,0.97,1.84,0.16,0.8125,0.0,0.36,0.6176185750961304
ECG200,0,gap,0.05,0.05,fast_cp_mixed_confidence_only,fcn,20,65,35,350,100,2,0.98,1.85,0.15,0.8666666666666667,0.0,0.36,0.6176185750961304
ECG200,0,gap,0.05,0.05,fast_cp_mixed,fcn,20,65,35,350,100,2,0.97,1.84,0.16,0.8125,0.0,0.36,0.6176185750961304
ECG200,0,gap,0.1,0.05,clean_split_cp,fcn,20,65,35,350,100,2,0.96,1.82,0.18,0.7777777777777778,0.0,0.36,0.6188541197776795
ECG200,0,gap,0.1,0.05,aug_split_cp,fcn,20,65,35,350,100,2,0.95,1.81,0.19,0.7368421052631579,0.0,0.36,0.6188541197776795
ECG200,0,gap,0.1,0.05,fast_cp_mixed_confidence_only,fcn,20,65,35,350,100,2,0.96,1.83,0.17,0.7647058823529411,0.0,0.36,0.6188541197776795
ECG200,0,gap,0.1,0.05,fast_cp_mixed,fcn,20,65,35,350,100,2,0.95,1.81,0.19,0.7368421052631579,0.0,0.36,0.6188541197776795
ECG200,0,gap,0.2,0.05,clean_split_cp,fcn,20,65,35,350,100,2,0.92,1.73,0.27,0.7037037037037037,0.0,0.36,0.6196985387802124
ECG200,0,gap,0.2,0.05,aug_split_cp,fcn,20,65,35,350,100,2,0.92,1.73,0.27,0.7037037037037037,0.0,0.36,0.6196985387802124
ECG200,0,gap,0.2,0.05,fast_cp_mixed_confidence_only,fcn,20,65,35,350,100,2,0.92,1.73,0.27,0.7037037037037037,0.0,0.36,0.6196985387802124
ECG200,0,gap,0.2,0.05,fast_cp_mixed,fcn,20,65,35,350,100,2,0.92,1.73,0.27,0.7037037037037037,0.0,0.36,0.6196985387802124
ECG200,0,noise,0.05,0.05,clean_split_cp,fcn,20,65,35,350,100,2,0.97,1.85,0.15,0.8,0.0,0.36,0.6173011207580567
ECG200,0,noise,0.05,0.05,aug_split_cp,fcn,20,65,35,350,100,2,0.97,1.85,0.15,0.8,0.0,0.36,0.6173011207580567
ECG200,0,noise,0.05,0.05,fast_cp_mixed_confidence_only,fcn,20,65,35,350,100,2,0.97,1.86,0.14,0.7857142857142857,0.0,0.36,0.6173011207580567
ECG200,0,noise,0.05,0.05,fast_cp_mixed,fcn,20,65,35,350,100,2,0.97,1.85,0.15,0.8,0.0,0.36,0.6173011207580567
ECG200,0,noise,0.1,0.05,clean_split_cp,fcn,20,65,35,350,100,2,0.98,1.86,0.14,0.8571428571428571,0.0,0.36,0.6164330983161926
ECG200,0,noise,0.1,0.05,aug_split_cp,fcn,20,65,35,350,100,2,0.98,1.86,0.14,0.8571428571428571,0.0,0.36,0.6164330983161926
ECG200,0,noise,0.1,0.05,fast_cp_mixed_confidence_only,fcn,20,65,35,350,100,2,0.98,1.86,0.14,0.8571428571428571,0.0,0.36,0.6164330983161926
ECG200,0,noise,0.1,0.05,fast_cp_mixed,fcn,20,65,35,350,100,2,0.98,1.86,0.14,0.8571428571428571,0.0,0.36,0.6164330983161926
ECG200,0,noise,0.2,0.05,clean_split_cp,fcn,20,65,35,350,100,2,1.0,1.93,0.07,1.0,0.0,0.36,0.6146658802032471
ECG200,0,noise,0.2,0.05,aug_split_cp,fcn,20,65,35,350,100,2,1.0,1.93,0.07,1.0,0.0,0.36,0.6146658802032471
ECG200,0,noise,0.2,0.05,fast_cp_mixed_confidence_only,fcn,20,65,35,350,100,2,1.0,1.93,0.07,1.0,0.0,0.36,0.6146658802032471
ECG200,0,noise,0.2,0.05,fast_cp_mixed,fcn,20,65,35,350,100,2,1.0,1.93,0.07,1.0,0.0,0.36,0.6146658802032471
ECG200,0,drift,0.1,0.05,clean_split_cp,fcn,20,65,35,350,100,2,0.99,1.85,0.15,0.9333333333333333,0.0,0.36,0.6176505827903748
ECG200,0,drift,0.1,0.05,aug_split_cp,fcn,20,65,35,350,100,2,0.98,1.84,0.16,0.875,0.0,0.36,0.6176505827903748
ECG200,0,drift,0.1,0.05,fast_cp_mixed_confidence_only,fcn,20,65,35,350,100,2,0.99,1.85,0.15,0.9333333333333333,0.0,0.36,0.6176505827903748
ECG200,0,drift,0.1,0.05,fast_cp_mixed,fcn,20,65,35,350,100,2,0.98,1.84,0.16,0.875,0.0,0.36,0.6176505827903748
ECG200,0,drift,0.2,0.05,clean_split_cp,fcn,20,65,35,350,100,2,0.99,1.86,0.14,0.9285714285714286,0.0,0.36,0.6176901006698609
ECG200,0,drift,0.2,0.05,aug_split_cp,fcn,20,65,35,350,100,2,0.98,1.85,0.15,0.8666666666666667,0.0,0.36,0.6176901006698609
ECG200,0,drift,0.2,0.05,fast_cp_mixed_confidence_only,fcn,20,65,35,350,100,2,0.99,1.86,0.14,0.9285714285714286,0.0,0.36,0.6176901006698609
ECG200,0,drift,0.2,0.05,fast_cp_mixed,fcn,20,65,35,350,100,2,0.98,1.85,0.15,0.8666666666666667,0.0,0.36,0.6176901006698609
ECG200,0,drift,0.4,0.05,clean_split_cp,fcn,20,65,35,350,100,2,0.96,1.79,0.21,0.8095238095238095,0.0,0.36,0.6186125421524048
ECG200,0,drift,0.4,0.05,aug_split_cp,fcn,20,65,35,350,100,2,0.96,1.79,0.21,0.8095238095238095,0.0,0.36,0.6186125421524048
ECG200,0,drift,0.4,0.05,fast_cp_mixed_confidence_only,fcn,20,65,35,350,100,2,0.97,1.8,0.2,0.85,0.0,0.36,0.6186125421524048
ECG200,0,drift,0.4,0.05,fast_cp_mixed,fcn,20,65,35,350,100,2,0.96,1.79,0.21,0.8095238095238095,0.0,0.36,0.6186125421524048
ECG200,1,gap,0.05,0.05,clean_split_cp,fcn,20,65,35,350,100,2,0.97,1.91,0.09,0.6666666666666666,0.0,0.36,0.5759872555732728
ECG200,1,gap,0.05,0.05,aug_split_cp,fcn,20,65,35,350,100,2,0.97,1.89,0.11,0.7272727272727273,0.0,0.36,0.5759872555732728
ECG200,1,gap,0.05,0.05,fast_cp_mixed_confidence_only,fcn,20,65,35,350,100,2,0.98,1.93,0.07,0.7142857142857143,0.0,0.36,0.5759872555732728
ECG200,1,gap,0.05,0.05,fast_cp_mixed,fcn,20,65,35,350,100,2,0.97,1.89,0.11,0.7272727272727273,0.0,0.36,0.5759872555732728
ECG200,1,gap,0.1,0.05,clean_split_cp,fcn,20,65,35,350,100,2,0.99,1.93,0.07,0.8571428571428571,0.0,0.36,0.5763970243930816
ECG200,1,gap,0.1,0.05,aug_split_cp,fcn,20,65,35,350,100,2,0.98,1.9,0.1,0.8,0.0,0.36,0.5763970243930816
ECG200,1,gap,0.1,0.05,fast_cp_mixed_confidence_only,fcn,20,65,35,350,100,2,0.99,1.94,0.06,0.8333333333333334,0.0,0.36,0.5763970243930816
ECG200,1,gap,0.1,0.05,fast_cp_mixed,fcn,20,65,35,350,100,2,0.98,1.91,0.09,0.7777777777777778,0.0,0.36,0.5763970243930816
ECG200,1,gap,0.2,0.05,clean_split_cp,fcn,20,65,35,350,100,2,0.93,1.83,0.17,0.5882352941176471,0.0,0.36,0.5792742586135864
ECG200,1,gap,0.2,0.05,aug_split_cp,fcn,20,65,35,350,100,2,0.93,1.79,0.21,0.6666666666666666,0.0,0.36,0.5792742586135864
ECG200,1,gap,0.2,0.05,fast_cp_mixed_confidence_only,fcn,20,65,35,350,100,2,0.93,1.83,0.17,0.5882352941176471,0.0,0.36,0.5792742586135864
ECG200,1,gap,0.2,0.05,fast_cp_mixed,fcn,20,65,35,350,100,2,0.93,1.79,0.21,0.6666666666666666,0.0,0.36,0.5792742586135864
ECG200,1,noise,0.05,0.05,clean_split_cp,fcn,20,65,35,350,100,2,0.98,1.92,0.08,0.75,0.0,0.36,0.5753956365585327
ECG200,1,noise,0.05,0.05,aug_split_cp,fcn,20,65,35,350,100,2,0.98,1.89,0.11,0.8181818181818182,0.0,0.36,0.5753956365585327
ECG200,1,noise,0.05,0.05,fast_cp_mixed_confidence_only,fcn,20,65,35,350,100,2,0.98,1.93,0.07,0.7142857142857143,0.0,0.36,0.5753956365585327
ECG200,1,noise,0.05,0.05,fast_cp_mixed,fcn,20,65,35,350,100,2,0.98,1.9,0.1,0.8,0.0,0.36,0.5753956365585327
ECG200,1,noise,0.1,0.05,clean_split_cp,fcn,20,65,35,350,100,2,0.98,1.92,0.08,0.75,0.0,0.36,0.5756016510725022
ECG200,1,noise,0.1,0.05,aug_split_cp,fcn,20,65,35,350,100,2,0.97,1.89,0.11,0.7272727272727273,0.0,0.36,0.5756016510725022
ECG200,1,noise,0.1,0.05,fast_cp_mixed_confidence_only,fcn,20,65,35,350,100,2,0.99,1.93,0.07,0.8571428571428571,0.0,0.36,0.5756016510725022
ECG200,1,noise,0.1,0.05,fast_cp_mixed,fcn,20,65,35,350,100,2,0.97,1.89,0.11,0.7272727272727273,0.0,0.36,0.5756016510725022
ECG200,1,noise,0.2,0.05,clean_split_cp,fcn,20,65,35,350,100,2,0.98,1.93,0.07,0.7142857142857143,0.0,0.36,0.5756836116313935
ECG200,1,noise,0.2,0.05,aug_split_cp,fcn,20,65,35,350,100,2,0.98,1.89,0.11,0.8181818181818182,0.0,0.36,0.5756836116313935
ECG200,1,noise,0.2,0.05,fast_cp_mixed_confidence_only,fcn,20,65,35,350,100,2,0.98,1.92,0.08,0.75,0.0,0.36,0.5756836116313935
ECG200,1,noise,0.2,0.05,fast_cp_mixed,fcn,20,65,35,350,100,2,0.98,1.89,0.11,0.8181818181818182,0.0,0.36,0.5756836116313935
ECG200,1,drift,0.1,0.05,clean_split_cp,fcn,20,65,35,350,100,2,0.98,1.92,0.08,0.75,0.0,0.36,0.5749114447832108
ECG200,1,drift,0.1,0.05,aug_split_cp,fcn,20,65,35,350,100,2,0.97,1.89,0.11,0.7272727272727273,0.0,0.36,0.5749114447832108
ECG200,1,drift,0.1,0.05,fast_cp_mixed_confidence_only,fcn,20,65,35,350,100,2,0.98,1.92,0.08,0.75,0.0,0.36,0.5749114447832108
ECG200,1,drift,0.1,0.05,fast_cp_mixed,fcn,20,65,35,350,100,2,0.97,1.89,0.11,0.7272727272727273,0.0,0.36,0.5749114447832108
ECG200,1,drift,0.2,0.05,clean_split_cp,fcn,20,65,35,350,100,2,0.98,1.9,0.1,0.8,0.0,0.36,0.5756485468149185
ECG200,1,drift,0.2,0.05,aug_split_cp,fcn,20,65,35,350,100,2,0.97,1.88,0.12,0.75,0.0,0.36,0.5756485468149185
ECG200,1,drift,0.2,0.05,fast_cp_mixed_confidence_only,fcn,20,65,35,350,100,2,0.98,1.9,0.1,0.8,0.0,0.36,0.5756485468149185
ECG200,1,drift,0.2,0.05,fast_cp_mixed,fcn,20,65,35,350,100,2,0.97,1.88,0.12,0.75,0.0,0.36,0.5756485468149185
ECG200,1,drift,0.4,0.05,clean_split_cp,fcn,20,65,35,350,100,2,1.0,1.89,0.11,1.0,0.0,0.36,0.5779400587081909
ECG200,1,drift,0.4,0.05,aug_split_cp,fcn,20,65,35,350,100,2,0.97,1.84,0.16,0.8125,0.0,0.36,0.5779400587081909
ECG200,1,drift,0.4,0.05,fast_cp_mixed_confidence_only,fcn,20,65,35,350,100,2,1.0,1.9,0.1,1.0,0.0,0.36,0.5779400587081909
ECG200,1,drift,0.4,0.05,fast_cp_mixed,fcn,20,65,35,350,100,2,0.97,1.85,0.15,0.8,0.0,0.36,0.5779400587081909
GunPoint,0,gap,0.05,0.05,clean_split_cp,fcn,20,32,18,180,150,2,0.9933333333333333,1.9066666666666667,0.09333333333333334,0.9285714285714286,0.0,0.49333333333333335,0.18060714284578958
GunPoint,0,gap,0.05,0.05,aug_split_cp,fcn,20,32,18,180,150,2,0.9933333333333333,1.9066666666666667,0.09333333333333334,0.9285714285714286,0.0,0.49333333333333335,0.18060714284578958
GunPoint,0,gap,0.05,0.05,fast_cp_mixed_confidence_only,fcn,20,32,18,180,150,2,0.9933333333333333,1.9066666666666667,0.09333333333333334,0.9285714285714286,0.0,0.49333333333333335,0.18060714284578958
GunPoint,0,gap,0.05,0.05,fast_cp_mixed,fcn,20,32,18,180,150,2,0.9933333333333333,1.9066666666666667,0.09333333333333334,0.9285714285714286,0.0,0.49333333333333335,0.18060714284578958
GunPoint,0,gap,0.1,0.05,clean_split_cp,fcn,20,32,18,180,150,2,0.9866666666666667,1.9,0.1,0.8666666666666667,0.0,0.49333333333333335,0.18204628030459086
GunPoint,0,gap,0.1,0.05,aug_split_cp,fcn,20,32,18,180,150,2,0.9866666666666667,1.9,0.1,0.8666666666666667,0.0,0.49333333333333335,0.18204628030459086
GunPoint,0,gap,0.1,0.05,fast_cp_mixed_confidence_only,fcn,20,32,18,180,150,2,0.9866666666666667,1.9,0.1,0.8666666666666667,0.0,0.49333333333333335,0.18204628030459086
GunPoint,0,gap,0.1,0.05,fast_cp_mixed,fcn,20,32,18,180,150,2,0.9866666666666667,1.9,0.1,0.8666666666666667,0.0,0.49333333333333335,0.18204628030459086
GunPoint,0,gap,0.2,0.05,clean_split_cp,fcn,20,32,18,180,150,2,0.9466666666666667,1.78,0.22,0.7575757575757576,0.0,0.49333333333333335,0.19271130124727884
GunPoint,0,gap,0.2,0.05,aug_split_cp,fcn,20,32,18,180,150,2,0.9466666666666667,1.78,0.22,0.7575757575757576,0.0,0.49333333333333335,0.19271130124727884
GunPoint,0,gap,0.2,0.05,fast_cp_mixed_confidence_only,fcn,20,32,18,180,150,2,0.9466666666666667,1.78,0.22,0.7575757575757576,0.0,0.49333333333333335,0.19271130124727884
GunPoint,0,gap,0.2,0.05,fast_cp_mixed,fcn,20,32,18,180,150,2,0.9466666666666667,1.78,0.22,0.7575757575757576,0.0,0.49333333333333335,0.19271130124727884
GunPoint,0,noise,0.05,0.05,clean_split_cp,fcn,20,32,18,180,150,2,0.9933333333333333,1.9066666666666667,0.09333333333333334,0.9285714285714286,0.0,0.49333333333333335,0.17922356685002644
GunPoint,0,noise,0.05,0.05,aug_split_cp,fcn,20,32,18,180,150,2,0.9933333333333333,1.9066666666666667,0.09333333333333334,0.9285714285714286,0.0,0.49333333333333335,0.17922356685002644
GunPoint,0,noise,0.05,0.05,fast_cp_mixed_confidence_only,fcn,20,32,18,180,150,2,0.9933333333333333,1.9066666666666667,0.09333333333333334,0.9285714285714286,0.0,0.49333333333333335,0.17922356685002644
GunPoint,0,noise,0.05,0.05,fast_cp_mixed,fcn,20,32,18,180,150,2,0.9933333333333333,1.9066666666666667,0.09333333333333334,0.9285714285714286,0.0,0.49333333333333335,0.17922356685002644
GunPoint,0,noise,0.1,0.05,clean_split_cp,fcn,20,32,18,180,150,2,0.9933333333333333,1.9066666666666667,0.09333333333333334,0.9285714285714286,0.0,0.49333333333333335,0.1773749307791392
GunPoint,0,noise,0.1,0.05,aug_split_cp,fcn,20,32,18,180,150,2,0.9933333333333333,1.9066666666666667,0.09333333333333334,0.9285714285714286,0.0,0.49333333333333335,0.1773749307791392
GunPoint,0,noise,0.1,0.05,fast_cp_mixed_confidence_only,fcn,20,32,18,180,150,2,0.9933333333333333,1.9066666666666667,0.09333333333333334,0.9285714285714286,0.0,0.49333333333333335,0.1773749307791392
GunPoint,0,noise,0.1,0.05,fast_cp_mixed,fcn,20,32,18,180,150,2,0.9933333333333333,1.9066666666666667,0.09333333333333334,0.9285714285714286,0.0,0.49333333333333335,0.1773749307791392
GunPoint,0,noise,0.2,0.05,clean_split_cp,fcn,20,32,18,180,150,2,1.0,1.92,0.08,1.0,0.0,0.49333333333333335,0.1725188680489858
GunPoint,0,noise,0.2,0.05,aug_split_cp,fcn,20,32,18,180,150,2,1.0,1.92,0.08,1.0,0.0,0.49333333333333335,0.1725188680489858
GunPoint,0,noise,0.2,0.05,fast_cp_mixed_confidence_only,fcn,20,32,18,180,150,2,1.0,1.92,0.08,1.0,0.0,0.49333333333333335,0.1725188680489858
GunPoint,0,noise,0.2,0.05,fast_cp_mixed,fcn,20,32,18,180,150,2,1.0,1.92,0.08,1.0,0.0,0.49333333333333335,0.1725188680489858
GunPoint,0,drift,0.1,0.05,clean_split_cp,fcn,20,32,18,180,150,2,0.9933333333333333,1.9066666666666667,0.09333333333333334,0.9285714285714286,0.0,0.49333333333333335,0.17998204549153649
GunPoint,0,drift,0.1,0.05,aug_split_cp,fcn,20,32,18,180,150,2,0.9933333333333333,1.9,0.1,0.9333333333333333,0.0,0.49333333333333335,0.17998204549153649
GunPoint,0,drift,0.1,0.05,fast_cp_mixed_confidence_only,fcn,20,32,18,180,150,2,0.9933333333333333,1.9,0.1,0.9333333333333333,0.0,0.49333333333333335,0.17998204549153649
GunPoint,0,drift,0.1,0.05,fast_cp_mixed,fcn,20,32,18,180,150,2,0.9933333333333333,1.9,0.1,0.9333333333333333,0.0,0.49333333333333335,0.17998204549153649
GunPoint,0,drift,0.2,0.05,clean_split_cp,fcn,20,32,18,180,150,2,0.9933333333333333,1.88,0.12,0.9444444444444444,0.0,0.49333333333333335,0.18637702306111653
GunPoint,0,drift,0.2,0.05,aug_split_cp,fcn,20,32,18,180,150,2,0.9933333333333333,1.8733333333333333,0.12666666666666668,0.9473684210526315,0.0,0.49333333333333335,0.18637702306111653
GunPoint,0,drift,0.2,0.05,fast_cp_mixed_confidence_only,fcn,20,32,18,180,150,2,0.9933333333333333,1.88,0.12,0.9444444444444444,0.0,0.49333333333333335,0.18637702306111653
GunPoint,0,drift,0.2,0.05,fast_cp_mixed,fcn,20,32,18,180,150,2,0.9933333333333333,1.8733333333333333,0.12666666666666668,0.9473684210526315,0.0,0.49333333333333335,0.18637702306111653
GunPoint,0,drift,0.4,0.05,clean_split_cp,fcn,20,32,18,180,150,2,0.98,1.8133333333333332,0.18666666666666668,0.8928571428571429,0.0,0.49333333333333335,0.17642985026041663
GunPoint,0,drift,0.4,0.05,aug_split_cp,fcn,20,32,18,180,150,2,0.98,1.8133333333333332,0.18666666666666668,0.8928571428571429,0.0,0.49333333333333335,0.17642985026041663
GunPoint,0,drift,0.4,0.05,fast_cp_mixed_confidence_only,fcn,20,32,18,180,150,2,0.98,1.8133333333333332,0.18666666666666668,0.8928571428571429,0.0,0.49333333333333335,0.17642985026041663
GunPoint,0,drift,0.4,0.05,fast_cp_mixed,fcn,20,32,18,180,150,2,0.9666666666666667,1.8,0.2,0.8333333333333334,0.0,0.49333333333333335,0.17642985026041663
GunPoint,1,gap,0.05,0.05,clean_split_cp,fcn,20,32,18,180,150,2,0.9466666666666667,1.8066666666666666,0.19333333333333333,0.7241379310344828,0.0,0.49333333333333335,0.14940960168838502
GunPoint,1,gap,0.05,0.05,aug_split_cp,fcn,20,32,18,180,150,2,0.9066666666666666,1.7533333333333334,0.24666666666666667,0.6216216216216216,0.0,0.49333333333333335,0.14940960168838502
GunPoint,1,gap,0.05,0.05,fast_cp_mixed_confidence_only,fcn,20,32,18,180,150,2,0.92,1.7666666666666666,0.23333333333333334,0.6571428571428571,0.0,0.49333333333333335,0.14940960168838502
GunPoint,1,gap,0.05,0.05,fast_cp_mixed,fcn,20,32,18,180,150,2,0.9066666666666666,1.7533333333333334,0.24666666666666667,0.6216216216216216,0.0,0.49333333333333335,0.14940960168838502
GunPoint,1,gap,0.1,0.05,clean_split_cp,fcn,20,32,18,180,150,2,0.9466666666666667,1.8,0.2,0.7333333333333333,0.0,0.49333333333333335,0.14902455647786458
GunPoint,1,gap,0.1,0.05,aug_split_cp,fcn,20,32,18,180,150,2,0.9066666666666666,1.76,0.24,0.6111111111111112,0.0,0.49333333333333335,0.14902455647786458
GunPoint,1,gap,0.1,0.05,fast_cp_mixed_confidence_only,fcn,20,32,18,180,150,2,0.9133333333333333,1.7666666666666666,0.23333333333333334,0.6285714285714286,0.0,0.49333333333333335,0.14902455647786458
GunPoint,1,gap,0.1,0.05,fast_cp_mixed,fcn,20,32,18,180,150,2,0.9133333333333333,1.7666666666666666,0.23333333333333334,0.6285714285714286,0.0,0.49333333333333335,0.14902455647786458
GunPoint,1,gap,0.2,0.05,clean_split_cp,fcn,20,32,18,180,150,2,0.9733333333333334,1.9133333333333333,0.08666666666666667,0.6923076923076923,0.0,0.49333333333333335,0.14891168355941772
GunPoint,1,gap,0.2,0.05,aug_split_cp,fcn,20,32,18,180,150,2,0.9333333333333333,1.8533333333333333,0.14666666666666667,0.5454545454545454,0.0,0.49333333333333335,0.14891168355941772
GunPoint,1,gap,0.2,0.05,fast_cp_mixed_confidence_only,fcn,20,32,18,180,150,2,0.94,1.86,0.14,0.5714285714285714,0.0,0.49333333333333335,0.14891168355941772
GunPoint,1,gap,0.2,0.05,fast_cp_mixed,fcn,20,32,18,180,150,2,0.9333333333333333,1.8533333333333333,0.14666666666666667,0.5454545454545454,0.0,0.49333333333333335,0.14891168355941772
GunPoint,1,noise,0.05,0.05,clean_split_cp,fcn,20,32,18,180,150,2,0.9533333333333334,1.8066666666666666,0.19333333333333333,0.7586206896551724,0.0,0.49333333333333335,0.1541967062155406
GunPoint,1,noise,0.05,0.05,aug_split_cp,fcn,20,32,18,180,150,2,0.9266666666666666,1.7733333333333334,0.22666666666666666,0.6764705882352942,0.0,0.49333333333333335,0.1541967062155406
GunPoint,1,noise,0.05,0.05,fast_cp_mixed_confidence_only,fcn,20,32,18,180,150,2,0.9466666666666667,1.7933333333333332,0.20666666666666667,0.7419354838709677,0.0,0.49333333333333335,0.1541967062155406
GunPoint,1,noise,0.05,0.05,fast_cp_mixed,fcn,20,32,18,180,150,2,0.9266666666666666,1.7733333333333334,0.22666666666666666,0.6764705882352942,0.0,0.49333333333333335,0.1541967062155406
GunPoint,1,noise,0.1,0.05,clean_split_cp,fcn,20,32,18,180,150,2,0.9866666666666667,1.8533333333333333,0.14666666666666667,0.9090909090909091,0.0,0.49333333333333335,0.15260641177495318
GunPoint,1,noise,0.1,0.05,aug_split_cp,fcn,20,32,18,180,150,2,0.9466666666666667,1.8,0.2,0.7333333333333333,0.0,0.49333333333333335,0.15260641177495318
GunPoint,1,noise,0.1,0.05,fast_cp_mixed_confidence_only,fcn,20,32,18,180,150,2,0.9533333333333334,1.8066666666666666,0.19333333333333333,0.7586206896551724,0.0,0.49333333333333335,0.15260641177495318
GunPoint,1,noise,0.1,0.05,fast_cp_mixed,fcn,20,32,18,180,150,2,0.9466666666666667,1.8,0.2,0.7333333333333333,0.0,0.49333333333333335,0.15260641177495318
GunPoint,1,noise,0.2,0.05,clean_split_cp,fcn,20,32,18,180,150,2,1.0,1.9666666666666666,0.03333333333333333,1.0,0.0,0.49333333333333335,0.18690050959587098
GunPoint,1,noise,0.2,0.05,aug_split_cp,fcn,20,32,18,180,150,2,0.9933333333333333,1.92,0.08,0.9166666666666666,0.0,0.49333333333333335,0.18690050959587098
GunPoint,1,noise,0.2,0.05,fast_cp_mixed_confidence_only,fcn,20,32,18,180,150,2,1.0,1.9266666666666667,0.07333333333333333,1.0,0.0,0.49333333333333335,0.18690050959587098
GunPoint,1,noise,0.2,0.05,fast_cp_mixed,fcn,20,32,18,180,150,2,0.9933333333333333,1.92,0.08,0.9166666666666666,0.0,0.49333333333333335,0.18690050959587098
GunPoint,1,drift,0.1,0.05,clean_split_cp,fcn,20,32,18,180,150,2,0.9533333333333334,1.8066666666666666,0.19333333333333333,0.7586206896551724,0.0,0.49333333333333335,0.1544027050336202
GunPoint,1,drift,0.1,0.05,aug_split_cp,fcn,20,32,18,180,150,2,0.9266666666666666,1.7733333333333334,0.22666666666666666,0.6764705882352942,0.0,0.49333333333333335,0.1544027050336202
GunPoint,1,drift,0.1,0.05,fast_cp_mixed_confidence_only,fcn,20,32,18,180,150,2,0.9266666666666666,1.7733333333333334,0.22666666666666666,0.6764705882352942,0.0,0.49333333333333335,0.1544027050336202
GunPoint,1,drift,0.1,0.05,fast_cp_mixed,fcn,20,32,18,180,150,2,0.9266666666666666,1.7733333333333334,0.22666666666666666,0.6764705882352942,0.0,0.49333333333333335,0.1544027050336202
GunPoint,1,drift,0.2,0.05,clean_split_cp,fcn,20,32,18,180,150,2,0.9866666666666667,1.8666666666666667,0.13333333333333333,0.9,0.0,0.49333333333333335,0.21456164836883543
GunPoint,1,drift,0.2,0.05,aug_split_cp,fcn,20,32,18,180,150,2,0.9733333333333334,1.84,0.16,0.8333333333333334,0.0,0.49333333333333335,0.21456164836883543
GunPoint,1,drift,0.2,0.05,fast_cp_mixed_confidence_only,fcn,20,32,18,180,150,2,0.9733333333333334,1.84,0.16,0.8333333333333334,0.0,0.49333333333333335,0.21456164836883543
GunPoint,1,drift,0.2,0.05,fast_cp_mixed,fcn,20,32,18,180,150,2,0.9733333333333334,1.84,0.16,0.8333333333333334,0.0,0.49333333333333335,0.21456164836883543
GunPoint,1,drift,0.4,0.05,clean_split_cp,fcn,20,32,18,180,150,2,1.0,1.9933333333333334,0.006666666666666667,1.0,0.0,0.49333333333333335,0.15047707080841063
GunPoint,1,drift,0.4,0.05,aug_split_cp,fcn,20,32,18,180,150,2,1.0,1.9933333333333334,0.006666666666666667,1.0,0.0,0.49333333333333335,0.15047707080841063
GunPoint,1,drift,0.4,0.05,fast_cp_mixed_confidence_only,fcn,20,32,18,180,150,2,1.0,1.9933333333333334,0.006666666666666667,1.0,0.0,0.49333333333333335,0.15047707080841063
GunPoint,1,drift,0.4,0.05,fast_cp_mixed,fcn,20,32,18,180,150,2,1.0,1.9933333333333334,0.006666666666666667,1.0,0.0,0.49333333333333335,0.15047707080841063
Coffee,0,gap,0.05,0.05,clean_split_cp,fcn,20,18,10,100,28,2,0.8571428571428571,1.5,0.5,0.7142857142857143,0.0,0.5357142857142857,0.23701755489621845
Coffee,0,gap,0.05,0.05,aug_split_cp,fcn,20,18,10,100,28,2,0.9285714285714286,1.7857142857142858,0.21428571428571427,0.6666666666666666,0.0,0.5357142857142857,0.23701755489621845
Coffee,0,gap,0.05,0.05,fast_cp_mixed_confidence_only,fcn,20,18,10,100,28,2,0.9285714285714286,1.7857142857142858,0.21428571428571427,0.6666666666666666,0.0,0.5357142857142857,0.23701755489621845
Coffee,0,gap,0.05,0.05,fast_cp_mixed,fcn,20,18,10,100,28,2,0.9285714285714286,1.7142857142857142,0.2857142857142857,0.75,0.0,0.5357142857142857,0.23701755489621845
Coffee,0,gap,0.1,0.05,clean_split_cp,fcn,20,18,10,100,28,2,0.9285714285714286,1.6785714285714286,0.32142857142857145,0.7777777777777778,0.0,0.5357142857142857,0.23467163528714863
Coffee,0,gap,0.1,0.05,aug_split_cp,fcn,20,18,10,100,28,2,0.9642857142857143,1.8928571428571428,0.10714285714285714,0.6666666666666666,0.0,0.5357142857142857,0.23467163528714863
Coffee,0,gap,0.1,0.05,fast_cp_mixed_confidence_only,fcn,20,18,10,100,28,2,0.9642857142857143,1.8928571428571428,0.10714285714285714,0.6666666666666666,0.0,0.5357142857142857,0.23467163528714863
Coffee,0,gap,0.1,0.05,fast_cp_mixed,fcn,20,18,10,100,28,2,0.9642857142857143,1.8571428571428572,0.14285714285714285,0.75,0.0,0.5357142857142857,0.23467163528714863
Coffee,0,gap,0.2,0.05,clean_split_cp,fcn,20,18,10,100,28,2,0.8214285714285714,1.6785714285714286,0.32142857142857145,0.4444444444444444,0.0,0.5357142857142857,0.2281411077295031
Coffee,0,gap,0.2,0.05,aug_split_cp,fcn,20,18,10,100,28,2,0.9285714285714286,1.8571428571428572,0.14285714285714285,0.5,0.0,0.5357142857142857,0.2281411077295031
Coffee,0,gap,0.2,0.05,fast_cp_mixed_confidence_only,fcn,20,18,10,100,28,2,0.9285714285714286,1.8928571428571428,0.10714285714285714,0.3333333333333333,0.0,0.5357142857142857,0.2281411077295031
Coffee,0,gap,0.2,0.05,fast_cp_mixed,fcn,20,18,10,100,28,2,0.9285714285714286,1.8571428571428572,0.14285714285714285,0.5,0.0,0.5357142857142857,0.2281411077295031
Coffee,0,noise,0.05,0.05,clean_split_cp,fcn,20,18,10,100,28,2,0.9642857142857143,1.6785714285714286,0.32142857142857145,0.8888888888888888,0.0,0.5357142857142857,0.2356780597141811
Coffee,0,noise,0.05,0.05,aug_split_cp,fcn,20,18,10,100,28,2,1.0,1.8571428571428572,0.14285714285714285,1.0,0.0,0.5357142857142857,0.2356780597141811
Coffee,0,noise,0.05,0.05,fast_cp_mixed_confidence_only,fcn,20,18,10,100,28,2,1.0,1.8571428571428572,0.14285714285714285,1.0,0.0,0.5357142857142857,0.2356780597141811
Coffee,0,noise,0.05,0.05,fast_cp_mixed,fcn,20,18,10,100,28,2,0.9642857142857143,1.7142857142857142,0.2857142857142857,0.875,0.0,0.5357142857142857,0.2356780597141811
Coffee,0,noise,0.1,0.05,clean_split_cp,fcn,20,18,10,100,28,2,1.0,1.9285714285714286,0.07142857142857142,1.0,0.0,0.5357142857142857,0.23112331117902485
Coffee,0,noise,0.1,0.05,aug_split_cp,fcn,20,18,10,100,28,2,1.0,1.9285714285714286,0.07142857142857142,1.0,0.0,0.5357142857142857,0.23112331117902485
Coffee,0,noise,0.1,0.05,fast_cp_mixed_confidence_only,fcn,20,18,10,100,28,2,1.0,1.9285714285714286,0.07142857142857142,1.0,0.0,0.5357142857142857,0.23112331117902485
Coffee,0,noise,0.1,0.05,fast_cp_mixed,fcn,20,18,10,100,28,2,1.0,1.9285714285714286,0.07142857142857142,1.0,0.0,0.5357142857142857,0.23112331117902485
Coffee,0,noise,0.2,0.05,clean_split_cp,fcn,20,18,10,100,28,2,1.0,2.0,0.0,0.0,0.0,0.5357142857142857,0.21818414117608748
Coffee,0,noise,0.2,0.05,aug_split_cp,fcn,20,18,10,100,28,2,1.0,2.0,0.0,0.0,0.0,0.5357142857142857,0.21818414117608748
Coffee,0,noise,0.2,0.05,fast_cp_mixed_confidence_only,fcn,20,18,10,100,28,2,1.0,2.0,0.0,0.0,0.0,0.5357142857142857,0.21818414117608748
Coffee,0,noise,0.2,0.05,fast_cp_mixed,fcn,20,18,10,100,28,2,1.0,2.0,0.0,0.0,0.0,0.5357142857142857,0.21818414117608748
Coffee,0,drift,0.1,0.05,clean_split_cp,fcn,20,18,10,100,28,2,0.8928571428571429,1.5714285714285714,0.42857142857142855,0.75,0.0,0.5357142857142857,0.2363669105938503
Coffee,0,drift,0.1,0.05,aug_split_cp,fcn,20,18,10,100,28,2,0.9642857142857143,1.6785714285714286,0.32142857142857145,0.8888888888888888,0.0,0.5357142857142857,0.2363669105938503
Coffee,0,drift,0.1,0.05,fast_cp_mixed_confidence_only,fcn,20,18,10,100,28,2,1.0,1.75,0.25,1.0,0.0,0.5357142857142857,0.2363669105938503
Coffee,0,drift,0.1,0.05,fast_cp_mixed,fcn,20,18,10,100,28,2,0.9642857142857143,1.6785714285714286,0.32142857142857145,0.8888888888888888,0.0,0.5357142857142857,0.2363669105938503
Coffee,0,drift,0.2,0.05,clean_split_cp,fcn,20,18,10,100,28,2,0.8928571428571429,1.6428571428571428,0.35714285714285715,0.7,0.0,0.5357142857142857,0.23500750746045795
Coffee,0,drift,0.2,0.05,aug_split_cp,fcn,20,18,10,100,28,2,0.8928571428571429,1.6428571428571428,0.35714285714285715,0.7,0.0,0.5357142857142857,0.23500750746045795
Coffee,0,drift,0.2,0.05,fast_cp_mixed_confidence_only,fcn,20,18,10,100,28,2,0.8928571428571429,1.6428571428571428,0.35714285714285715,0.7,0.0,0.5357142857142857,0.23500750746045795
Coffee,0,drift,0.2,0.05,fast_cp_mixed,fcn,20,18,10,100,28,2,0.8928571428571429,1.6428571428571428,0.35714285714285715,0.7,0.0,0.5357142857142857,0.23500750746045795
Coffee,0,drift,0.4,0.05,clean_split_cp,fcn,20,18,10,100,28,2,0.8214285714285714,1.5714285714285714,0.42857142857142855,0.5833333333333334,0.0,0.5357142857142857,0.2489328639847892
Coffee,0,drift,0.4,0.05,aug_split_cp,fcn,20,18,10,100,28,2,0.8571428571428571,1.6071428571428572,0.39285714285714285,0.6363636363636364,0.0,0.5357142857142857,0.2489328639847892
Coffee,0,drift,0.4,0.05,fast_cp_mixed_confidence_only,fcn,20,18,10,100,28,2,0.8928571428571429,1.6428571428571428,0.35714285714285715,0.7,0.0,0.5357142857142857,0.2489328639847892
Coffee,0,drift,0.4,0.05,fast_cp_mixed,fcn,20,18,10,100,28,2,0.8571428571428571,1.6071428571428572,0.39285714285714285,0.6363636363636364,0.0,0.5357142857142857,0.2489328639847892
Coffee,1,gap,0.05,0.05,clean_split_cp,fcn,20,18,10,100,28,2,1.0,1.9642857142857142,0.03571428571428571,1.0,0.0,0.4642857142857143,0.1276680018220629
Coffee,1,gap,0.05,0.05,aug_split_cp,fcn,20,18,10,100,28,2,1.0,1.9642857142857142,0.03571428571428571,1.0,0.0,0.4642857142857143,0.1276680018220629
Coffee,1,gap,0.05,0.05,fast_cp_mixed_confidence_only,fcn,20,18,10,100,28,2,1.0,2.0,0.0,0.0,0.0,0.4642857142857143,0.1276680018220629
Coffee,1,gap,0.05,0.05,fast_cp_mixed,fcn,20,18,10,100,28,2,1.0,1.9642857142857142,0.03571428571428571,1.0,0.0,0.4642857142857143,0.1276680018220629
Coffee,1,gap,0.1,0.05,clean_split_cp,fcn,20,18,10,100,28,2,0.9642857142857143,1.9285714285714286,0.07142857142857142,0.5,0.0,0.4642857142857143,0.13049028600965223
Coffee,1,gap,0.1,0.05,aug_split_cp,fcn,20,18,10,100,28,2,1.0,1.9642857142857142,0.03571428571428571,1.0,0.0,0.4642857142857143,0.13049028600965223
Coffee,1,gap,0.1,0.05,fast_cp_mixed_confidence_only,fcn,20,18,10,100,28,2,1.0,1.9642857142857142,0.03571428571428571,1.0,0.0,0.4642857142857143,0.13049028600965223
Coffee,1,gap,0.1,0.05,fast_cp_mixed,fcn,20,18,10,100,28,2,1.0,1.9642857142857142,0.03571428571428571,1.0,0.0,0.4642857142857143,0.13049028600965223
Coffee,1,gap,0.2,0.05,clean_split_cp,fcn,20,18,10,100,28,2,1.0,1.8571428571428572,0.14285714285714285,1.0,0.0,0.4642857142857143,0.1266674441950662
Coffee,1,gap,0.2,0.05,aug_split_cp,fcn,20,18,10,100,28,2,1.0,1.8928571428571428,0.10714285714285714,1.0,0.0,0.4642857142857143,0.1266674441950662
Coffee,1,gap,0.2,0.05,fast_cp_mixed_confidence_only,fcn,20,18,10,100,28,2,1.0,1.9642857142857142,0.03571428571428571,1.0,0.0,0.4642857142857143,0.1266674441950662
Coffee,1,gap,0.2,0.05,fast_cp_mixed,fcn,20,18,10,100,28,2,1.0,1.8928571428571428,0.10714285714285714,1.0,0.0,0.4642857142857143,0.1266674441950662
Coffee,1,noise,0.05,0.05,clean_split_cp,fcn,20,18,10,100,28,2,1.0,1.9642857142857142,0.03571428571428571,1.0,0.0,0.4642857142857143,0.1272301844188145
Coffee,1,noise,0.05,0.05,aug_split_cp,fcn,20,18,10,100,28,2,1.0,1.9642857142857142,0.03571428571428571,1.0,0.0,0.4642857142857143,0.1272301844188145
Coffee,1,noise,0.05,0.05,fast_cp_mixed_confidence_only,fcn,20,18,10,100,28,2,1.0,2.0,0.0,0.0,0.0,0.4642857142857143,0.1272301844188145
Coffee,1,noise,0.05,0.05,fast_cp_mixed,fcn,20,18,10,100,28,2,1.0,1.9642857142857142,0.03571428571428571,1.0,0.0,0.4642857142857143,0.1272301844188145
Coffee,1,noise,0.1,0.05,clean_split_cp,fcn,20,18,10,100,28,2,1.0,1.9642857142857142,0.03571428571428571,1.0,0.0,0.4642857142857143,0.1271982852901731
Coffee,1,noise,0.1,0.05,aug_split_cp,fcn,20,18,10,100,28,2,1.0,1.9642857142857142,0.03571428571428571,1.0,0.0,0.4642857142857143,0.1271982852901731
Coffee,1,noise,0.1,0.05,fast_cp_mixed_confidence_only,fcn,20,18,10,100,28,2,1.0,2.0,0.0,0.0,0.0,0.4642857142857143,0.1271982852901731
Coffee,1,noise,0.1,0.05,fast_cp_mixed,fcn,20,18,10,100,28,2,1.0,1.9642857142857142,0.03571428571428571,1.0,0.0,0.4642857142857143,0.1271982852901731
Coffee,1,noise,0.2,0.05,clean_split_cp,fcn,20,18,10,100,28,2,1.0,1.9642857142857142,0.03571428571428571,1.0,0.0,0.4642857142857143,0.12667692984853474
Coffee,1,noise,0.2,0.05,aug_split_cp,fcn,20,18,10,100,28,2,1.0,1.9642857142857142,0.03571428571428571,1.0,0.0,0.4642857142857143,0.12667692984853474
Coffee,1,noise,0.2,0.05,fast_cp_mixed_confidence_only,fcn,20,18,10,100,28,2,1.0,1.9642857142857142,0.03571428571428571,1.0,0.0,0.4642857142857143,0.12667692984853474
Coffee,1,noise,0.2,0.05,fast_cp_mixed,fcn,20,18,10,100,28,2,1.0,1.9642857142857142,0.03571428571428571,1.0,0.0,0.4642857142857143,0.12667692984853474
Coffee,1,drift,0.1,0.05,clean_split_cp,fcn,20,18,10,100,28,2,0.9642857142857143,1.9642857142857142,0.03571428571428571,0.0,0.0,0.4642857142857143,0.12591748578207834
Coffee,1,drift,0.1,0.05,aug_split_cp,fcn,20,18,10,100,28,2,0.9642857142857143,1.9642857142857142,0.03571428571428571,0.0,0.0,0.4642857142857143,0.12591748578207834
Coffee,1,drift,0.1,0.05,fast_cp_mixed_confidence_only,fcn,20,18,10,100,28,2,1.0,2.0,0.0,0.0,0.0,0.4642857142857143,0.12591748578207834
Coffee,1,drift,0.1,0.05,fast_cp_mixed,fcn,20,18,10,100,28,2,0.9642857142857143,1.9642857142857142,0.03571428571428571,0.0,0.0,0.4642857142857143,0.12591748578207834
Coffee,1,drift,0.2,0.05,clean_split_cp,fcn,20,18,10,100,28,2,0.9642857142857143,1.9285714285714286,0.07142857142857142,0.5,0.0,0.4642857142857143,0.12828292165483748
Coffee,1,drift,0.2,0.05,aug_split_cp,fcn,20,18,10,100,28,2,0.9642857142857143,1.9285714285714286,0.07142857142857142,0.5,0.0,0.4642857142857143,0.12828292165483748
Coffee,1,drift,0.2,0.05,fast_cp_mixed_confidence_only,fcn,20,18,10,100,28,2,0.9642857142857143,1.9285714285714286,0.07142857142857142,0.5,0.0,0.4642857142857143,0.12828292165483748
Coffee,1,drift,0.2,0.05,fast_cp_mixed,fcn,20,18,10,100,28,2,0.9642857142857143,1.9285714285714286,0.07142857142857142,0.5,0.0,0.4642857142857143,0.12828292165483748
Coffee,1,drift,0.4,0.05,clean_split_cp,fcn,20,18,10,100,28,2,0.8214285714285714,1.7142857142857142,0.2857142857142857,0.375,0.0,0.4642857142857143,0.13220716587134768
Coffee,1,drift,0.4,0.05,aug_split_cp,fcn,20,18,10,100,28,2,0.8214285714285714,1.7142857142857142,0.2857142857142857,0.375,0.0,0.4642857142857143,0.13220716587134768
Coffee,1,drift,0.4,0.05,fast_cp_mixed_confidence_only,fcn,20,18,10,100,28,2,0.9285714285714286,1.8571428571428572,0.14285714285714285,0.5,0.0,0.4642857142857143,0.13220716587134768
Coffee,1,drift,0.4,0.05,fast_cp_mixed,fcn,20,18,10,100,28,2,0.8214285714285714,1.7142857142857142,0.2857142857142857,0.375,0.0,0.4642857142857143,0.13220716587134768
BME,0,gap,0.05,0.05,clean_split_cp,fcn,20,19,11,110,150,3,0.96,2.7333333333333334,0.0,0.0,0.0,0.3333333333333333,0.4589863844712576
BME,0,gap,0.05,0.05,aug_split_cp,fcn,20,19,11,110,150,3,0.96,2.74,0.0,0.0,0.0,0.3333333333333333,0.4589863844712576
BME,0,gap,0.05,0.05,fast_cp_mixed_confidence_only,fcn,20,19,11,110,150,3,0.96,2.74,0.0,0.0,0.0,0.3333333333333333,0.4589863844712576
BME,0,gap,0.05,0.05,fast_cp_mixed,fcn,20,19,11,110,150,3,0.96,2.7333333333333334,0.0,0.0,0.0,0.3333333333333333,0.4589863844712576
BME,0,gap,0.1,0.05,clean_split_cp,fcn,20,19,11,110,150,3,0.96,2.7333333333333334,0.0,0.0,0.0,0.3333333333333333,0.46069249788920086
BME,0,gap,0.1,0.05,aug_split_cp,fcn,20,19,11,110,150,3,0.96,2.7333333333333334,0.0,0.0,0.0,0.3333333333333333,0.46069249788920086
BME,0,gap,0.1,0.05,fast_cp_mixed_confidence_only,fcn,20,19,11,110,150,3,0.96,2.7333333333333334,0.0,0.0,0.0,0.3333333333333333,0.46069249788920086
BME,0,gap,0.1,0.05,fast_cp_mixed,fcn,20,19,11,110,150,3,0.96,2.7333333333333334,0.0,0.0,0.0,0.3333333333333333,0.46069249788920086
BME,0,gap,0.2,0.05,clean_split_cp,fcn,20,19,11,110,150,3,0.9266666666666666,2.6666666666666665,0.0,0.0,0.0,0.3333333333333333,0.4627624758084616
BME,0,gap,0.2,0.05,aug_split_cp,fcn,20,19,11,110,150,3,0.9266666666666666,2.6666666666666665,0.0,0.0,0.0,0.3333333333333333,0.4627624758084616
BME,0,gap,0.2,0.05,fast_cp_mixed_confidence_only,fcn,20,19,11,110,150,3,0.9266666666666666,2.6666666666666665,0.0,0.0,0.0,0.3333333333333333,0.4627624758084616
BME,0,gap,0.2,0.05,fast_cp_mixed,fcn,20,19,11,110,150,3,0.9133333333333333,2.6466666666666665,0.0,0.0,0.0,0.3333333333333333,0.4627624758084616
BME,0,noise,0.05,0.05,clean_split_cp,fcn,20,19,11,110,150,3,0.9666666666666667,2.7533333333333334,0.0,0.0,0.0,0.3333333333333333,0.45762718478838604
BME,0,noise,0.05,0.05,aug_split_cp,fcn,20,19,11,110,150,3,0.9666666666666667,2.7533333333333334,0.0,0.0,0.0,0.3333333333333333,0.45762718478838604
BME,0,noise,0.05,0.05,fast_cp_mixed_confidence_only,fcn,20,19,11,110,150,3,0.9666666666666667,2.7533333333333334,0.0,0.0,0.0,0.3333333333333333,0.45762718478838604
BME,0,noise,0.05,0.05,fast_cp_mixed,fcn,20,19,11,110,150,3,0.9666666666666667,2.7466666666666666,0.0,0.0,0.0,0.3333333333333333,0.45762718478838604
BME,0,noise,0.1,0.05,clean_split_cp,fcn,20,19,11,110,150,3,0.9733333333333334,2.7866666666666666,0.0,0.0,0.0,0.3333333333333333,0.45543495337168377
BME,0,noise,0.1,0.05,aug_split_cp,fcn,20,19,11,110,150,3,0.9733333333333334,2.7866666666666666,0.0,0.0,0.0,0.3333333333333333,0.45543495337168377
BME,0,noise,0.1,0.05,fast_cp_mixed_confidence_only,fcn,20,19,11,110,150,3,0.9733333333333334,2.7866666666666666,0.0,0.0,0.0,0.3333333333333333,0.45543495337168377
BME,0,noise,0.1,0.05,fast_cp_mixed,fcn,20,19,11,110,150,3,0.9733333333333334,2.7866666666666666,0.0,0.0,0.0,0.3333333333333333,0.45543495337168377
BME,0,noise,0.2,0.05,clean_split_cp,fcn,20,19,11,110,150,3,0.9866666666666667,2.8666666666666667,0.0,0.0,0.0,0.3333333333333333,0.44944377899169924
BME,0,noise,0.2,0.05,aug_split_cp,fcn,20,19,11,110,150,3,0.9866666666666667,2.8666666666666667,0.0,0.0,0.0,0.3333333333333333,0.44944377899169924
BME,0,noise,0.2,0.05,fast_cp_mixed_confidence_only,fcn,20,19,11,110,150,3,0.9866666666666667,2.8666666666666667,0.0,0.0,0.0,0.3333333333333333,0.44944377899169924
BME,0,noise,0.2,0.05,fast_cp_mixed,fcn,20,19,11,110,150,3,0.9866666666666667,2.8666666666666667,0.0,0.0,0.0,0.3333333333333333,0.44944377899169924
BME,0,drift,0.1,0.05,clean_split_cp,fcn,20,19,11,110,150,3,0.96,2.74,0.0,0.0,0.0,0.3333333333333333,0.4584404436747233
BME,0,drift,0.1,0.05,aug_split_cp,fcn,20,19,11,110,150,3,0.96,2.74,0.0,0.0,0.0,0.3333333333333333,0.4584404436747233
BME,0,drift,0.1,0.05,fast_cp_mixed_confidence_only,fcn,20,19,11,110,150,3,0.96,2.74,0.0,0.0,0.0,0.3333333333333333,0.4584404436747233
BME,0,drift,0.1,0.05,fast_cp_mixed,fcn,20,19,11,110,150,3,0.96,2.74,0.0,0.0,0.0,0.3333333333333333,0.4584404436747233
BME,0,drift,0.2,0.05,clean_split_cp,fcn,20,19,11,110,150,3,0.96,2.74,0.0,0.0,0.0,0.3333333333333333,0.4581502413749695
BME,0,drift,0.2,0.05,aug_split_cp,fcn,20,19,11,110,150,3,0.96,2.74,0.0,0.0,0.0,0.3333333333333333,0.4581502413749695
BME,0,drift,0.2,0.05,fast_cp_mixed_confidence_only,fcn,20,19,11,110,150,3,0.96,2.74,0.0,0.0,0.0,0.3333333333333333,0.4581502413749695
BME,0,drift,0.2,0.05,fast_cp_mixed,fcn,20,19,11,110,150,3,0.96,2.74,0.0,0.0,0.0,0.3333333333333333,0.4581502413749695
BME,0,drift,0.4,0.05,clean_split_cp,fcn,20,19,11,110,150,3,0.9533333333333334,2.74,0.0,0.0,0.0,0.3333333333333333,0.45755915840466815
BME,0,drift,0.4,0.05,aug_split_cp,fcn,20,19,11,110,150,3,0.9533333333333334,2.7466666666666666,0.0,0.0,0.0,0.3333333333333333,0.45755915840466815
BME,0,drift,0.4,0.05,fast_cp_mixed_confidence_only,fcn,20,19,11,110,150,3,0.9533333333333334,2.7466666666666666,0.0,0.0,0.0,0.3333333333333333,0.45755915840466815
BME,0,drift,0.4,0.05,fast_cp_mixed,fcn,20,19,11,110,150,3,0.9466666666666667,2.74,0.0,0.0,0.0,0.3333333333333333,0.45755915840466815
BME,1,gap,0.05,0.05,clean_split_cp,fcn,20,19,11,110,150,3,0.88,2.46,0.0,0.0,0.0,0.38666666666666666,0.16769530495007834
BME,1,gap,0.05,0.05,aug_split_cp,fcn,20,19,11,110,150,3,0.88,2.46,0.0,0.0,0.0,0.38666666666666666,0.16769530495007834
BME,1,gap,0.05,0.05,fast_cp_mixed_confidence_only,fcn,20,19,11,110,150,3,0.8666666666666667,2.4266666666666667,0.0,0.0,0.0,0.38666666666666666,0.16769530495007834
BME,1,gap,0.05,0.05,fast_cp_mixed,fcn,20,19,11,110,150,3,0.88,2.46,0.0,0.0,0.0,0.38666666666666666,0.16769530495007834
BME,1,gap,0.1,0.05,clean_split_cp,fcn,20,19,11,110,150,3,0.8666666666666667,2.44,0.0,0.0,0.0,0.38666666666666666,0.16565551598866782
BME,1,gap,0.1,0.05,aug_split_cp,fcn,20,19,11,110,150,3,0.8666666666666667,2.44,0.0,0.0,0.0,0.38666666666666666,0.16565551598866782
BME,1,gap,0.1,0.05,fast_cp_mixed_confidence_only,fcn,20,19,11,110,150,3,0.8533333333333334,2.4066666666666667,0.0,0.0,0.0,0.38666666666666666,0.16565551598866782
BME,1,gap,0.1,0.05,fast_cp_mixed,fcn,20,19,11,110,150,3,0.8666666666666667,2.44,0.0,0.0,0.0,0.38666666666666666,0.16565551598866782
BME,1,gap,0.2,0.05,clean_split_cp,fcn,20,19,11,110,150,3,0.8666666666666667,2.44,0.0,0.0,0.0,0.38,0.1769252693653107
BME,1,gap,0.2,0.05,aug_split_cp,fcn,20,19,11,110,150,3,0.8666666666666667,2.44,0.0,0.0,0.0,0.38,0.1769252693653107
BME,1,gap,0.2,0.05,fast_cp_mixed_confidence_only,fcn,20,19,11,110,150,3,0.8533333333333334,2.4,0.0,0.0,0.0,0.38,0.1769252693653107
BME,1,gap,0.2,0.05,fast_cp_mixed,fcn,20,19,11,110,150,3,0.8666666666666667,2.44,0.0,0.0,0.0,0.38,0.1769252693653107
BME,1,noise,0.05,0.05,clean_split_cp,fcn,20,19,11,110,150,3,0.8866666666666667,2.466666666666667,0.0,0.0,0.0,0.3933333333333333,0.15203321536382036
BME,1,noise,0.05,0.05,aug_split_cp,fcn,20,19,11,110,150,3,0.8866666666666667,2.466666666666667,0.0,0.0,0.0,0.3933333333333333,0.15203321536382036
BME,1,noise,0.05,0.05,fast_cp_mixed_confidence_only,fcn,20,19,11,110,150,3,0.8733333333333333,2.433333333333333,0.0,0.0,0.0,0.3933333333333333,0.15203321536382036
BME,1,noise,0.05,0.05,fast_cp_mixed,fcn,20,19,11,110,150,3,0.8866666666666667,2.466666666666667,0.0,0.0,0.0,0.3933333333333333,0.15203321536382036
BME,1,noise,0.1,0.05,clean_split_cp,fcn,20,19,11,110,150,3,0.9,2.48,0.0,0.0,0.0,0.4,0.15013617555300396
BME,1,noise,0.1,0.05,aug_split_cp,fcn,20,19,11,110,150,3,0.9,2.48,0.0,0.0,0.0,0.4,0.15013617555300396
BME,1,noise,0.1,0.05,fast_cp_mixed_confidence_only,fcn,20,19,11,110,150,3,0.8933333333333333,2.453333333333333,0.0,0.0,0.0,0.4,0.15013617555300396
BME,1,noise,0.1,0.05,fast_cp_mixed,fcn,20,19,11,110,150,3,0.9,2.48,0.0,0.0,0.0,0.4,0.15013617555300396
BME,1,noise,0.2,0.05,clean_split_cp,fcn,20,19,11,110,150,3,0.9,2.513333333333333,0.0,0.0,0.0,0.41333333333333333,0.17949347039063773
BME,1,noise,0.2,0.05,aug_split_cp,fcn,20,19,11,110,150,3,0.9,2.513333333333333,0.0,0.0,0.0,0.41333333333333333,0.17949347039063773
BME,1,noise,0.2,0.05,fast_cp_mixed_confidence_only,fcn,20,19,11,110,150,3,0.8933333333333333,2.5,0.0,0.0,0.0,0.41333333333333333,0.17949347039063773
BME,1,noise,0.2,0.05,fast_cp_mixed,fcn,20,19,11,110,150,3,0.9,2.513333333333333,0.0,0.0,0.0,0.41333333333333333,0.17949347039063773
BME,1,drift,0.1,0.05,clean_split_cp,fcn,20,19,11,110,150,3,0.88,2.46,0.0,0.0,0.0,0.38666666666666666,0.16188538372516637
BME,1,drift,0.1,0.05,aug_split_cp,fcn,20,19,11,110,150,3,0.88,2.46,0.0,0.0,0.0,0.38666666666666666,0.16188538372516637
BME,1,drift,0.1,0.05,fast_cp_mixed_confidence_only,fcn,20,19,11,110,150,3,0.8666666666666667,2.4266666666666667,0.0,0.0,0.0,0.38666666666666666,0.16188538372516637
BME,1,drift,0.1,0.05,fast_cp_mixed,fcn,20,19,11,110,150,3,0.88,2.46,0.0,0.0,0.0,0.38666666666666666,0.16188538372516637
BME,1,drift,0.2,0.05,clean_split_cp,fcn,20,19,11,110,150,3,0.8733333333333333,2.433333333333333,0.0,0.0,0.0,0.38666666666666666,0.16971054176489514
BME,1,drift,0.2,0.05,aug_split_cp,fcn,20,19,11,110,150,3,0.8733333333333333,2.433333333333333,0.0,0.0,0.0,0.38666666666666666,0.16971054176489514
BME,1,drift,0.2,0.05,fast_cp_mixed_confidence_only,fcn,20,19,11,110,150,3,0.86,2.4,0.0,0.0,0.0,0.38666666666666666,0.16971054176489514
BME,1,drift,0.2,0.05,fast_cp_mixed,fcn,20,19,11,110,150,3,0.8733333333333333,2.433333333333333,0.0,0.0,0.0,0.38666666666666666,0.16971054176489514
BME,1,drift,0.4,0.05,clean_split_cp,fcn,20,19,11,110,150,3,0.8533333333333334,2.42,0.0,0.0,0.0,0.4066666666666667,0.15445069313049317
BME,1,drift,0.4,0.05,aug_split_cp,fcn,20,19,11,110,150,3,0.8533333333333334,2.42,0.0,0.0,0.0,0.4066666666666667,0.15445069313049317
BME,1,drift,0.4,0.05,fast_cp_mixed_confidence_only,fcn,20,19,11,110,150,3,0.8466666666666667,2.3866666666666667,0.0,0.0,0.0,0.4066666666666667,0.15445069313049317
BME,1,drift,0.4,0.05,fast_cp_mixed,fcn,20,19,11,110,150,3,0.8533333333333334,2.42,0.0,0.0,0.0,0.4066666666666667,0.15445069313049317
FaceFour,0,gap,0.05,0.05,clean_split_cp,fcn,20,15,9,90,88,4,0.9659090909090909,3.102272727272727,0.0,0.0,0.0,0.26136363636363635,0.03391908515583386
FaceFour,0,gap,0.05,0.05,aug_split_cp,fcn,20,15,9,90,88,4,0.9659090909090909,3.102272727272727,0.0,0.0,0.0,0.26136363636363635,0.03391908515583386
FaceFour,0,gap,0.05,0.05,fast_cp_mixed_confidence_only,fcn,20,15,9,90,88,4,0.9659090909090909,3.090909090909091,0.0,0.0,0.0,0.26136363636363635,0.03391908515583386
FaceFour,0,gap,0.05,0.05,fast_cp_mixed,fcn,20,15,9,90,88,4,0.9659090909090909,3.090909090909091,0.0,0.0,0.0,0.26136363636363635,0.03391908515583386
FaceFour,0,gap,0.1,0.05,clean_split_cp,fcn,20,15,9,90,88,4,0.9318181818181818,3.0795454545454546,0.0,0.0,0.0,0.26136363636363635,0.03385241736065259
FaceFour,0,gap,0.1,0.05,aug_split_cp,fcn,20,15,9,90,88,4,0.9318181818181818,3.0795454545454546,0.0,0.0,0.0,0.26136363636363635,0.03385241736065259
FaceFour,0,gap,0.1,0.05,fast_cp_mixed_confidence_only,fcn,20,15,9,90,88,4,0.9318181818181818,3.0681818181818183,0.0,0.0,0.0,0.26136363636363635,0.03385241736065259
FaceFour,0,gap,0.1,0.05,fast_cp_mixed,fcn,20,15,9,90,88,4,0.9318181818181818,3.0681818181818183,0.0,0.0,0.0,0.26136363636363635,0.03385241736065259
FaceFour,0,gap,0.2,0.05,clean_split_cp,fcn,20,15,9,90,88,4,0.75,2.909090909090909,0.0,0.0,0.0,0.29545454545454547,0.02304372089830314
FaceFour,0,gap,0.2,0.05,aug_split_cp,fcn,20,15,9,90,88,4,0.75,2.909090909090909,0.0,0.0,0.0,0.29545454545454547,0.02304372089830314
FaceFour,0,gap,0.2,0.05,fast_cp_mixed_confidence_only,fcn,20,15,9,90,88,4,0.75,2.909090909090909,0.0,0.0,0.0,0.29545454545454547,0.02304372089830314
FaceFour,0,gap,0.2,0.05,fast_cp_mixed,fcn,20,15,9,90,88,4,0.75,2.909090909090909,0.0,0.0,0.0,0.29545454545454547,0.02304372089830314
FaceFour,0,noise,0.05,0.05,clean_split_cp,fcn,20,15,9,90,88,4,0.9659090909090909,3.0681818181818183,0.0,0.0,0.0,0.25,0.045748353004455566
FaceFour,0,noise,0.05,0.05,aug_split_cp,fcn,20,15,9,90,88,4,0.9659090909090909,3.0681818181818183,0.0,0.0,0.0,0.25,0.045748353004455566
FaceFour,0,noise,0.05,0.05,fast_cp_mixed_confidence_only,fcn,20,15,9,90,88,4,0.9659090909090909,3.0454545454545454,0.0,0.0,0.0,0.25,0.045748353004455566
FaceFour,0,noise,0.05,0.05,fast_cp_mixed,fcn,20,15,9,90,88,4,0.9659090909090909,3.0454545454545454,0.0,0.0,0.0,0.25,0.045748353004455566
FaceFour,0,noise,0.1,0.05,clean_split_cp,fcn,20,15,9,90,88,4,0.9772727272727273,3.0113636363636362,0.0,0.0,0.0,0.26136363636363635,0.03381513465534558
FaceFour,0,noise,0.1,0.05,aug_split_cp,fcn,20,15,9,90,88,4,0.9772727272727273,3.0113636363636362,0.0,0.0,0.0,0.26136363636363635,0.03381513465534558
FaceFour,0,noise,0.1,0.05,fast_cp_mixed_confidence_only,fcn,20,15,9,90,88,4,0.9772727272727273,3.0,0.0,0.0,0.0,0.26136363636363635,0.03381513465534558
FaceFour,0,noise,0.1,0.05,fast_cp_mixed,fcn,20,15,9,90,88,4,0.9772727272727273,2.9886363636363638,0.0,0.0,0.0,0.26136363636363635,0.03381513465534558
FaceFour,0,noise,0.2,0.05,clean_split_cp,fcn,20,15,9,90,88,4,0.9886363636363636,2.977272727272727,0.0,0.0,0.0,0.26136363636363635,0.03235404599796643
FaceFour,0,noise,0.2,0.05,aug_split_cp,fcn,20,15,9,90,88,4,0.9886363636363636,2.977272727272727,0.0,0.0,0.0,0.26136363636363635,0.03235404599796643
FaceFour,0,noise,0.2,0.05,fast_cp_mixed_confidence_only,fcn,20,15,9,90,88,4,0.9886363636363636,2.9204545454545454,0.0,0.0,0.0,0.26136363636363635,0.03235404599796643
FaceFour,0,noise,0.2,0.05,fast_cp_mixed,fcn,20,15,9,90,88,4,0.9886363636363636,2.8863636363636362,0.0,0.0,0.0,0.26136363636363635,0.03235404599796643
FaceFour,0,drift,0.1,0.05,clean_split_cp,fcn,20,15,9,90,88,4,0.9772727272727273,3.125,0.0,0.0,0.0,0.26136363636363635,0.03456025231968274
FaceFour,0,drift,0.1,0.05,aug_split_cp,fcn,20,15,9,90,88,4,0.9772727272727273,3.125,0.0,0.0,0.0,0.26136363636363635,0.03456025231968274
FaceFour,0,drift,0.1,0.05,fast_cp_mixed_confidence_only,fcn,20,15,9,90,88,4,0.9772727272727273,3.102272727272727,0.0,0.0,0.0,0.26136363636363635,0.03456025231968274
FaceFour,0,drift,0.1,0.05,fast_cp_mixed,fcn,20,15,9,90,88,4,0.9659090909090909,3.090909090909091,0.0,0.0,0.0,0.26136363636363635,0.03456025231968274
FaceFour,0,drift,0.2,0.05,clean_split_cp,fcn,20,15,9,90,88,4,0.9772727272727273,3.1363636363636362,0.0,0.0,0.0,0.2727272727272727,0.02291230180046777
FaceFour,0,drift,0.2,0.05,aug_split_cp,fcn,20,15,9,90,88,4,0.9772727272727273,3.1363636363636362,0.0,0.0,0.0,0.2727272727272727,0.02291230180046777
FaceFour,0,drift,0.2,0.05,fast_cp_mixed_confidence_only,fcn,20,15,9,90,88,4,0.9772727272727273,3.1363636363636362,0.0,0.0,0.0,0.2727272727272727,0.02291230180046777
FaceFour,0,drift,0.2,0.05,fast_cp_mixed,fcn,20,15,9,90,88,4,0.9772727272727273,3.1363636363636362,0.0,0.0,0.0,0.2727272727272727,0.02291230180046777
FaceFour,0,drift,0.4,0.05,clean_split_cp,fcn,20,15,9,90,88,4,0.9090909090909091,3.1136363636363638,0.0,0.0,0.0,0.29545454545454547,0.000599546865983458
FaceFour,0,drift,0.4,0.05,aug_split_cp,fcn,20,15,9,90,88,4,0.9090909090909091,3.1136363636363638,0.0,0.0,0.0,0.29545454545454547,0.000599546865983458
FaceFour,0,drift,0.4,0.05,fast_cp_mixed_confidence_only,fcn,20,15,9,90,88,4,0.9090909090909091,3.102272727272727,0.0,0.0,0.0,0.29545454545454547,0.000599546865983458
FaceFour,0,drift,0.4,0.05,fast_cp_mixed,fcn,20,15,9,90,88,4,0.8977272727272727,3.0681818181818183,0.0,0.0,0.0,0.29545454545454547,0.000599546865983458
FaceFour,1,gap,0.05,0.05,clean_split_cp,fcn,20,15,9,90,88,4,0.7954545454545454,2.8295454545454546,0.0,0.0,0.0,0.3068181818181818,0.023386055772954772
FaceFour,1,gap,0.05,0.05,aug_split_cp,fcn,20,15,9,90,88,4,0.7954545454545454,2.8295454545454546,0.0,0.0,0.0,0.3068181818181818,0.023386055772954772
FaceFour,1,gap,0.05,0.05,fast_cp_mixed_confidence_only,fcn,20,15,9,90,88,4,0.7840909090909091,2.8181818181818183,0.0,0.0,0.0,0.3068181818181818,0.023386055772954772
FaceFour,1,gap,0.05,0.05,fast_cp_mixed,fcn,20,15,9,90,88,4,0.7954545454545454,2.7954545454545454,0.0,0.0,0.0,0.3068181818181818,0.023386055772954772
FaceFour,1,gap,0.1,0.05,clean_split_cp,fcn,20,15,9,90,88,4,0.8409090909090909,2.8068181818181817,0.0,0.0,0.0,0.2840909090909091,0.0012506517496975733
FaceFour,1,gap,0.1,0.05,aug_split_cp,fcn,20,15,9,90,88,4,0.8409090909090909,2.8068181818181817,0.0,0.0,0.0,0.2840909090909091,0.0012506517496975733
FaceFour,1,gap,0.1,0.05,fast_cp_mixed_confidence_only,fcn,20,15,9,90,88,4,0.8409090909090909,2.8068181818181817,0.0,0.0,0.0,0.2840909090909091,0.0012506517496975733
FaceFour,1,gap,0.1,0.05,fast_cp_mixed,fcn,20,15,9,90,88,4,0.8409090909090909,2.727272727272727,0.0,0.0,0.0,0.2840909090909091,0.0012506517496975733
FaceFour,1,gap,0.2,0.05,clean_split_cp,fcn,20,15,9,90,88,4,0.7613636363636364,2.647727272727273,0.0,0.0,0.0,0.3522727272727273,0.062351711771704954
FaceFour,1,gap,0.2,0.05,aug_split_cp,fcn,20,15,9,90,88,4,0.7727272727272727,2.659090909090909,0.0,0.0,0.0,0.3522727272727273,0.062351711771704954
FaceFour,1,gap,0.2,0.05,fast_cp_mixed_confidence_only,fcn,20,15,9,90,88,4,0.7613636363636364,2.647727272727273,0.0,0.0,0.0,0.3522727272727273,0.062351711771704954
FaceFour,1,gap,0.2,0.05,fast_cp_mixed,fcn,20,15,9,90,88,4,0.7613636363636364,2.6363636363636362,0.0,0.0,0.0,0.3522727272727273,0.062351711771704954
FaceFour,1,noise,0.05,0.05,clean_split_cp,fcn,20,15,9,90,88,4,0.8068181818181818,2.9204545454545454,0.0,0.0,0.0,0.375,0.09268417954444885
FaceFour,1,noise,0.05,0.05,aug_split_cp,fcn,20,15,9,90,88,4,0.8068181818181818,2.9318181818181817,0.0,0.0,0.0,0.375,0.09268417954444885
FaceFour,1,noise,0.05,0.05,fast_cp_mixed_confidence_only,fcn,20,15,9,90,88,4,0.8068181818181818,2.9204545454545454,0.0,0.0,0.0,0.375,0.09268417954444885
FaceFour,1,noise,0.05,0.05,fast_cp_mixed,fcn,20,15,9,90,88,4,0.8068181818181818,2.897727272727273,0.0,0.0,0.0,0.375,0.09268417954444885
FaceFour,1,noise,0.1,0.05,clean_split_cp,fcn,20,15,9,90,88,4,0.8068181818181818,2.965909090909091,0.0,0.0,0.0,0.375,0.09334513545036316
FaceFour,1,noise,0.1,0.05,aug_split_cp,fcn,20,15,9,90,88,4,0.8068181818181818,2.965909090909091,0.0,0.0,0.0,0.375,0.09334513545036316
FaceFour,1,noise,0.1,0.05,fast_cp_mixed_confidence_only,fcn,20,15,9,90,88,4,0.8068181818181818,2.965909090909091,0.0,0.0,0.0,0.375,0.09334513545036316
FaceFour,1,noise,0.1,0.05,fast_cp_mixed,fcn,20,15,9,90,88,4,0.8068181818181818,2.965909090909091,0.0,0.0,0.0,0.375,0.09334513545036316
FaceFour,1,noise,0.2,0.05,clean_split_cp,fcn,20,15,9,90,88,4,0.7727272727272727,3.0113636363636362,0.0,0.0,0.0,0.3522727272727273,0.07289431311867456
FaceFour,1,noise,0.2,0.05,aug_split_cp,fcn,20,15,9,90,88,4,0.7727272727272727,3.0113636363636362,0.0,0.0,0.0,0.3522727272727273,0.07289431311867456
FaceFour,1,noise,0.2,0.05,fast_cp_mixed_confidence_only,fcn,20,15,9,90,88,4,0.75,2.9886363636363638,0.0,0.0,0.0,0.3522727272727273,0.07289431311867456
FaceFour,1,noise,0.2,0.05,fast_cp_mixed,fcn,20,15,9,90,88,4,0.7727272727272727,3.0113636363636362,0.0,0.0,0.0,0.3522727272727273,0.07289431311867456
FaceFour,1,drift,0.1,0.05,clean_split_cp,fcn,20,15,9,90,88,4,0.8295454545454546,2.9545454545454546,0.0,0.0,0.0,0.3409090909090909,0.058194992217150576
FaceFour,1,drift,0.1,0.05,aug_split_cp,fcn,20,15,9,90,88,4,0.8295454545454546,2.9545454545454546,0.0,0.0,0.0,0.3409090909090909,0.058194992217150576
FaceFour,1,drift,0.1,0.05,fast_cp_mixed_confidence_only,fcn,20,15,9,90,88,4,0.8295454545454546,2.9431818181818183,0.0,0.0,0.0,0.3409090909090909,0.058194992217150576
FaceFour,1,drift,0.1,0.05,fast_cp_mixed,fcn,20,15,9,90,88,4,0.8295454545454546,2.9204545454545454,0.0,0.0,0.0,0.3409090909090909,0.058194992217150576
FaceFour,1,drift,0.2,0.05,clean_split_cp,fcn,20,15,9,90,88,4,0.8181818181818182,2.8863636363636362,0.0,0.0,0.0,0.3068181818181818,0.023942852562124084
FaceFour,1,drift,0.2,0.05,aug_split_cp,fcn,20,15,9,90,88,4,0.8181818181818182,2.897727272727273,0.0,0.0,0.0,0.3068181818181818,0.023942852562124084
FaceFour,1,drift,0.2,0.05,fast_cp_mixed_confidence_only,fcn,20,15,9,90,88,4,0.8181818181818182,2.897727272727273,0.0,0.0,0.0,0.3068181818181818,0.023942852562124084
FaceFour,1,drift,0.2,0.05,fast_cp_mixed,fcn,20,15,9,90,88,4,0.8181818181818182,2.8863636363636362,0.0,0.0,0.0,0.3068181818181818,0.023942852562124084
FaceFour,1,drift,0.4,0.05,clean_split_cp,fcn,20,15,9,90,88,4,0.875,2.875,0.0,0.0,0.0,0.22727272727272727,0.056450059806758705
FaceFour,1,drift,0.4,0.05,aug_split_cp,fcn,20,15,9,90,88,4,0.875,2.8863636363636362,0.0,0.0,0.0,0.22727272727272727,0.056450059806758705
FaceFour,1,drift,0.4,0.05,fast_cp_mixed_confidence_only,fcn,20,15,9,90,88,4,0.8636363636363636,2.875,0.0,0.0,0.0,0.22727272727272727,0.056450059806758705
FaceFour,1,drift,0.4,0.05,fast_cp_mixed,fcn,20,15,9,90,88,4,0.875,2.875,0.0,0.0,0.0,0.22727272727272727,0.056450059806758705
ItalyPowerDemand,0,gap,0.05,0.05,clean_split_cp,fcn,20,43,24,240,1029,2,0.9902818270165209,1.576287657920311,0.423712342079689,0.9770642201834863,0.0,0.5014577259475219,0.41583535622577283
ItalyPowerDemand,0,gap,0.05,0.05,aug_split_cp,fcn,20,43,24,240,1029,2,0.9902818270165209,1.5908649173955296,0.40913508260447035,0.9762470308788599,0.0,0.5014577259475219,0.41583535622577283
ItalyPowerDemand,0,gap,0.05,0.05,fast_cp_mixed_confidence_only,fcn,20,43,24,240,1029,2,0.9922254616132167,1.598639455782313,0.4013605442176871,0.9806295399515739,0.0,0.5014577259475219,0.41583535622577283
ItalyPowerDemand,0,gap,0.05,0.05,fast_cp_mixed,fcn,20,43,24,240,1029,2,0.9902818270165209,1.564625850340136,0.43537414965986393,0.9776785714285714,0.0,0.5014577259475219,0.41583535622577283
ItalyPowerDemand,0,gap,0.1,0.05,clean_split_cp,fcn,20,43,24,240,1029,2,0.9912536443148688,1.5801749271137027,0.4198250728862974,0.9791666666666666,0.0,0.5014577259475219,0.3887494318802687
ItalyPowerDemand,0,gap,0.1,0.05,aug_split_cp,fcn,20,43,24,240,1029,2,0.9922254616132167,1.5889212827988337,0.4110787172011662,0.9810874704491725,0.0,0.5014577259475219,0.3887494318802687
ItalyPowerDemand,0,gap,0.1,0.05,fast_cp_mixed_confidence_only,fcn,20,43,24,240,1029,2,0.9922254616132167,1.5918367346938775,0.40816326530612246,0.9809523809523809,0.0,0.5014577259475219,0.3887494318802687
ItalyPowerDemand,0,gap,0.1,0.05,fast_cp_mixed,fcn,20,43,24,240,1029,2,0.9912536443148688,1.5714285714285714,0.42857142857142855,0.9795918367346939,0.0,0.5014577259475219,0.3887494318802687
ItalyPowerDemand,0,gap,0.2,0.05,clean_split_cp,fcn,20,43,24,240,1029,2,0.8843537414965986,1.5150631681243927,0.4849368318756074,0.7615230460921844,0.0,0.5014577259475219,0.31742240278551714
ItalyPowerDemand,0,gap,0.2,0.05,aug_split_cp,fcn,20,43,24,240,1029,2,0.8882410106899903,1.5257531584062196,0.4742468415937804,0.764344262295082,0.0,0.5014577259475219,0.31742240278551714
ItalyPowerDemand,0,gap,0.2,0.05,fast_cp_mixed_confidence_only,fcn,20,43,24,240,1029,2,0.8931000971817298,1.5354713313896988,0.4645286686103013,0.7698744769874477,0.0,0.5014577259475219,0.31742240278551714
ItalyPowerDemand,0,gap,0.2,0.05,fast_cp_mixed,fcn,20,43,24,240,1029,2,0.8872691933916423,1.5179786200194363,0.48202137998056366,0.7661290322580645,0.0,0.5014577259475219,0.31742240278551714
ItalyPowerDemand,0,noise,0.05,0.05,clean_split_cp,fcn,20,43,24,240,1029,2,0.9922254616132167,1.5792031098153547,0.4207968901846453,0.9815242494226328,0.0,0.5014577259475219,0.4171328484374881
ItalyPowerDemand,0,noise,0.05,0.05,aug_split_cp,fcn,20,43,24,240,1029,2,0.9941690962099126,1.5947521865889214,0.40524781341107874,0.9856115107913669,0.0,0.5014577259475219,0.4171328484374881
ItalyPowerDemand,0,noise,0.05,0.05,fast_cp_mixed_confidence_only,fcn,20,43,24,240,1029,2,0.9951409135082604,1.598639455782313,0.4013605442176871,0.9878934624697336,0.0,0.5014577259475219,0.4171328484374881
ItalyPowerDemand,0,noise,0.05,0.05,fast_cp_mixed,fcn,20,43,24,240,1029,2,0.9912536443148688,1.564625850340136,0.43537414965986393,0.9799107142857143,0.0,0.5014577259475219,0.4171328484374881
ItalyPowerDemand,0,noise,0.1,0.05,clean_split_cp,fcn,20,43,24,240,1029,2,0.9941690962099126,1.597667638483965,0.40233236151603496,0.9855072463768116,0.0,0.5014577259475219,0.39824986434654774
ItalyPowerDemand,0,noise,0.1,0.05,aug_split_cp,fcn,20,43,24,240,1029,2,0.9951409135082604,1.6054421768707483,0.3945578231292517,0.9876847290640394,0.0,0.5014577259475219,0.39824986434654774
ItalyPowerDemand,0,noise,0.1,0.05,fast_cp_mixed_confidence_only,fcn,20,43,24,240,1029,2,0.9951409135082604,1.6132167152575316,0.3867832847424684,0.9874371859296482,0.0,0.5014577259475219,0.39824986434654774
ItalyPowerDemand,0,noise,0.1,0.05,fast_cp_mixed,fcn,20,43,24,240,1029,2,0.9922254616132167,1.5908649173955296,0.40913508260447035,0.9809976247030879,0.0,0.5014577259475219,0.39824986434654774
ItalyPowerDemand,0,noise,0.2,0.05,clean_split_cp,fcn,20,43,24,240,1029,2,0.9854227405247813,1.6316812439261419,0.3683187560738581,0.9604221635883905,0.0,0.5014577259475219,0.36609644282779386
ItalyPowerDemand,0,noise,0.2,0.05,aug_split_cp,fcn,20,43,24,240,1029,2,0.989310009718173,1.6501457725947521,0.3498542274052478,0.9694444444444444,0.0,0.5014577259475219,0.36609644282779386
ItalyPowerDemand,0,noise,0.2,0.05,fast_cp_mixed_confidence_only,fcn,20,43,24,240,1029,2,0.9902818270165209,1.6579203109815355,0.34207968901846453,0.9715909090909091,0.0,0.5014577259475219,0.36609644282779386
ItalyPowerDemand,0,noise,0.2,0.05,fast_cp_mixed,fcn,20,43,24,240,1029,2,0.9883381924198251,1.6472303206997085,0.35276967930029157,0.9669421487603306,0.0,0.5014577259475219,0.36609644282779386
ItalyPowerDemand,0,drift,0.1,0.05,clean_split_cp,fcn,20,43,24,240,1029,2,0.9912536443148688,1.6034985422740524,0.3965014577259475,0.9779411764705882,0.0,0.5014577259475219,0.40815558551699355
ItalyPowerDemand,0,drift,0.1,0.05,aug_split_cp,fcn,20,43,24,240,1029,2,0.9912536443148688,1.6132167152575316,0.3867832847424684,0.9773869346733668,0.0,0.5014577259475219,0.40815558551699355
ItalyPowerDemand,0,drift,0.1,0.05,fast_cp_mixed_confidence_only,fcn,20,43,24,240,1029,2,0.9922254616132167,1.6180758017492711,0.3819241982507289,0.9796437659033079,0.0,0.5014577259475219,0.40815558551699355
ItalyPowerDemand,0,drift,0.1,0.05,fast_cp_mixed,fcn,20,43,24,240,1029,2,0.9902818270165209,1.576287657920311,0.423712342079689,0.9770642201834863,0.0,0.5014577259475219,0.40815558551699355
ItalyPowerDemand,0,drift,0.2,0.05,clean_split_cp,fcn,20,43,24,240,1029,2,0.9902818270165209,1.6647230320699709,0.33527696793002915,0.9710144927536232,0.0,0.5014577259475219,0.39005036065599313
ItalyPowerDemand,0,drift,0.2,0.05,aug_split_cp,fcn,20,43,24,240,1029,2,0.9912536443148688,1.6724975704567542,0.3275024295432459,0.973293768545994,0.0,0.5014577259475219,0.39005036065599313
ItalyPowerDemand,0,drift,0.2,0.05,fast_cp_mixed_confidence_only,fcn,20,43,24,240,1029,2,0.9922254616132167,1.6773566569484937,0.3226433430515063,0.9759036144578314,0.0,0.5014577259475219,0.39005036065599313
ItalyPowerDemand,0,drift,0.2,0.05,fast_cp_mixed,fcn,20,43,24,240,1029,2,0.9912536443148688,1.6472303206997085,0.35276967930029157,0.9752066115702479,0.0,0.5014577259475219,0.39005036065599313
ItalyPowerDemand,0,drift,0.4,0.05,clean_split_cp,fcn,20,43,24,240,1029,2,0.9863945578231292,1.6831875607385811,0.31681243926141883,0.9570552147239264,0.0,0.5014577259475219,0.30034642589103844
ItalyPowerDemand,0,drift,0.4,0.05,aug_split_cp,fcn,20,43,24,240,1029,2,0.9873663751214772,1.6880466472303206,0.3119533527696793,0.9595015576323987,0.0,0.5014577259475219,0.30034642589103844
ItalyPowerDemand,0,drift,0.4,0.05,fast_cp_mixed_confidence_only,fcn,20,43,24,240,1029,2,0.9873663751214772,1.6899902818270165,0.3100097181729835,0.9592476489028213,0.0,0.5014577259475219,0.30034642589103844
ItalyPowerDemand,0,drift,0.4,0.05,fast_cp_mixed,fcn,20,43,24,240,1029,2,0.9863945578231292,1.686103012633625,0.3138969873663751,0.9566563467492261,0.0,0.5014577259475219,0.30034642589103844
ItalyPowerDemand,1,gap,0.05,0.05,clean_split_cp,fcn,20,43,24,240,1029,2,0.9757045675413022,1.511175898931001,0.48882410106899904,0.9502982107355865,0.0,0.5014577259475219,0.40677374074248224
ItalyPowerDemand,1,gap,0.05,0.05,aug_split_cp,fcn,20,43,24,240,1029,2,0.9757045675413022,1.511175898931001,0.48882410106899904,0.9502982107355865,0.0,0.5014577259475219,0.40677374074248224
ItalyPowerDemand,1,gap,0.05,0.05,fast_cp_mixed_confidence_only,fcn,20,43,24,240,1029,2,0.9757045675413022,1.5150631681243927,0.4849368318756074,0.9498997995991983,0.0,0.5014577259475219,0.40677374074248224
ItalyPowerDemand,1,gap,0.05,0.05,fast_cp_mixed,fcn,20,43,24,240,1029,2,0.9747327502429544,1.5092322643343052,0.49076773566569487,0.9485148514851485,0.0,0.5014577259475219,0.40677374074248224
ItalyPowerDemand,1,gap,0.1,0.05,clean_split_cp,fcn,20,43,24,240,1029,2,0.9601554907677357,1.510204081632653,0.4897959183673469,0.9186507936507936,0.0,0.5014577259475219,0.36533050367968883
ItalyPowerDemand,1,gap,0.1,0.05,aug_split_cp,fcn,20,43,24,240,1029,2,0.9601554907677357,1.510204081632653,0.4897959183673469,0.9186507936507936,0.0,0.5014577259475219,0.36533050367968883
ItalyPowerDemand,1,gap,0.1,0.05,fast_cp_mixed_confidence_only,fcn,20,43,24,240,1029,2,0.9601554907677357,1.5179786200194363,0.48202137998056366,0.9173387096774194,0.0,0.5014577259475219,0.36533050367968883
ItalyPowerDemand,1,gap,0.1,0.05,fast_cp_mixed,fcn,20,43,24,240,1029,2,0.9572400388726919,1.5092322643343052,0.49076773566569487,0.9128712871287129,0.0,0.5014577259475219,0.36533050367968883
ItalyPowerDemand,1,gap,0.2,0.05,clean_split_cp,fcn,20,43,24,240,1029,2,0.8221574344023324,1.3848396501457727,0.6151603498542274,0.7109004739336493,0.0,0.5014577259475219,0.3065066126739087
ItalyPowerDemand,1,gap,0.2,0.05,aug_split_cp,fcn,20,43,24,240,1029,2,0.8221574344023324,1.3848396501457727,0.6151603498542274,0.7109004739336493,0.0,0.5014577259475219,0.3065066126739087
ItalyPowerDemand,1,gap,0.2,0.05,fast_cp_mixed_confidence_only,fcn,20,43,24,240,1029,2,0.827016520894072,1.3906705539358601,0.60932944606414,0.7161084529505582,0.0,0.5014577259475219,0.3065066126739087
ItalyPowerDemand,1,gap,0.2,0.05,fast_cp_mixed,fcn,20,43,24,240,1029,2,0.8241010689990281,1.3858114674441204,0.6141885325558795,0.7136075949367089,0.0,0.5014577259475219,0.3065066126739087
ItalyPowerDemand,1,noise,0.05,0.05,clean_split_cp,fcn,20,43,24,240,1029,2,0.9805636540330418,1.5267249757045676,0.47327502429543244,0.9589322381930184,0.0,0.5014577259475219,0.41760054071396735
ItalyPowerDemand,1,noise,0.05,0.05,aug_split_cp,fcn,20,43,24,240,1029,2,0.9805636540330418,1.5267249757045676,0.47327502429543244,0.9589322381930184,0.0,0.5014577259475219,0.41760054071396735
ItalyPowerDemand,1,noise,0.05,0.05,fast_cp_mixed_confidence_only,fcn,20,43,24,240,1029,2,0.9805636540330418,1.530612244897959,0.46938775510204084,0.9585921325051759,0.0,0.5014577259475219,0.41760054071396735
ItalyPowerDemand,1,noise,0.05,0.05,fast_cp_mixed,fcn,20,43,24,240,1029,2,0.9795918367346939,1.521865889212828,0.478134110787172,0.9573170731707317,0.0,0.5014577259475219,0.41760054071396735
ItalyPowerDemand,1,noise,0.1,0.05,clean_split_cp,fcn,20,43,24,240,1029,2,0.9815354713313897,1.5393586005830904,0.4606413994169096,0.959915611814346,0.0,0.5014577259475219,0.4060182011857325
ItalyPowerDemand,1,noise,0.1,0.05,aug_split_cp,fcn,20,43,24,240,1029,2,0.9815354713313897,1.5393586005830904,0.4606413994169096,0.959915611814346,0.0,0.5014577259475219,0.4060182011857325
ItalyPowerDemand,1,noise,0.1,0.05,fast_cp_mixed_confidence_only,fcn,20,43,24,240,1029,2,0.9834791059280855,1.5500485908649173,0.4499514091350826,0.9632829373650108,0.0,0.5014577259475219,0.4060182011857325
ItalyPowerDemand,1,noise,0.1,0.05,fast_cp_mixed,fcn,20,43,24,240,1029,2,0.9766763848396501,1.530612244897959,0.46938775510204084,0.9503105590062112,0.0,0.5014577259475219,0.4060182011857325
ItalyPowerDemand,1,noise,0.2,0.05,clean_split_cp,fcn,20,43,24,240,1029,2,0.966958211856171,1.5889212827988337,0.4110787172011662,0.9196217494089834,0.0,0.5014577259475219,0.3571806000319352
ItalyPowerDemand,1,noise,0.2,0.05,aug_split_cp,fcn,20,43,24,240,1029,2,0.966958211856171,1.5889212827988337,0.4110787172011662,0.9196217494089834,0.0,0.5014577259475219,0.3571806000319352
ItalyPowerDemand,1,noise,0.2,0.05,fast_cp_mixed_confidence_only,fcn,20,43,24,240,1029,2,0.9708454810495627,1.5996112730806609,0.4003887269193392,0.9271844660194175,0.0,0.5014577259475219,0.3571806000319352
ItalyPowerDemand,1,noise,0.2,0.05,fast_cp_mixed,fcn,20,43,24,240,1029,2,0.9620991253644315,1.5743440233236152,0.42565597667638483,0.910958904109589,0.0,0.5014577259475219,0.3571806000319352
ItalyPowerDemand,1,drift,0.1,0.05,clean_split_cp,fcn,20,43,24,240,1029,2,0.9825072886297376,1.5257531584062196,0.4742468415937804,0.9631147540983607,0.0,0.5014577259475219,0.4173155129824713
ItalyPowerDemand,1,drift,0.1,0.05,aug_split_cp,fcn,20,43,24,240,1029,2,0.9825072886297376,1.5257531584062196,0.4742468415937804,0.9631147540983607,0.0,0.5014577259475219,0.4173155129824713
ItalyPowerDemand,1,drift,0.1,0.05,fast_cp_mixed_confidence_only,fcn,20,43,24,240,1029,2,0.9825072886297376,1.5276967930029155,0.47230320699708456,0.9629629629629629,0.0,0.5014577259475219,0.4173155129824713
ItalyPowerDemand,1,drift,0.1,0.05,fast_cp_mixed,fcn,20,43,24,240,1029,2,0.9786200194363459,1.5199222546161322,0.4800777453838678,0.9554655870445344,0.0,0.5014577259475219,0.4173155129824713
ItalyPowerDemand,1,drift,0.2,0.05,clean_split_cp,fcn,20,43,24,240,1029,2,0.9834791059280855,1.5354713313896988,0.4645286686103013,0.9644351464435147,0.0,0.5014577259475219,0.40649373092271385
ItalyPowerDemand,1,drift,0.2,0.05,aug_split_cp,fcn,20,43,24,240,1029,2,0.9834791059280855,1.5354713313896988,0.4645286686103013,0.9644351464435147,0.0,0.5014577259475219,0.40649373092271385
ItalyPowerDemand,1,drift,0.2,0.05,fast_cp_mixed_confidence_only,fcn,20,43,24,240,1029,2,0.9854227405247813,1.5422740524781342,0.4577259475218659,0.9681528662420382,0.0,0.5014577259475219,0.40649373092271385
ItalyPowerDemand,1,drift,0.2,0.05,fast_cp_mixed,fcn,20,43,24,240,1029,2,0.9786200194363459,1.5276967930029155,0.47230320699708456,0.9547325102880658,0.0,0.5014577259475219,0.40649373092271385
ItalyPowerDemand,1,drift,0.4,0.05,clean_split_cp,fcn,20,43,24,240,1029,2,0.9825072886297376,1.6073858114674442,0.39261418853255586,0.9554455445544554,0.0,0.5014577259475219,0.3945490761910745
ItalyPowerDemand,1,drift,0.4,0.05,aug_split_cp,fcn,20,43,24,240,1029,2,0.9825072886297376,1.6073858114674442,0.39261418853255586,0.9554455445544554,0.0,0.5014577259475219,0.3945490761910745
ItalyPowerDemand,1,drift,0.4,0.05,fast_cp_mixed_confidence_only,fcn,20,43,24,240,1029,2,0.9825072886297376,1.6180758017492711,0.3819241982507289,0.9541984732824428,0.0,0.5014577259475219,0.3945490761910745
ItalyPowerDemand,1,drift,0.4,0.05,fast_cp_mixed,fcn,20,43,24,240,1029,2,0.9786200194363459,1.6005830903790088,0.39941690962099125,0.9464720194647201,0.0,0.5014577259475219,0.3945490761910745
MoteStrain,0,gap,0.05,0.05,clean_split_cp,fcn,20,13,7,70,1252,2,0.9968051118210862,1.8674121405750799,0.13258785942492013,0.9759036144578314,0.0,0.4936102236421725,0.263984780056408
MoteStrain,0,gap,0.05,0.05,aug_split_cp,fcn,20,13,7,70,1252,2,0.9984025559105432,1.8889776357827477,0.1110223642172524,0.9856115107913669,0.0,0.4936102236421725,0.263984780056408
MoteStrain,0,gap,0.05,0.05,fast_cp_mixed_confidence_only,fcn,20,13,7,70,1252,2,0.9984025559105432,1.8889776357827477,0.1110223642172524,0.9856115107913669,0.0,0.4936102236421725,0.263984780056408
MoteStrain,0,gap,0.05,0.05,fast_cp_mixed,fcn,20,13,7,70,1252,2,0.9976038338658147,1.8753993610223643,0.12460063897763578,0.9807692307692307,0.0,0.4936102236421725,0.263984780056408
MoteStrain,0,gap,0.1,0.05,clean_split_cp,fcn,20,13,7,70,1252,2,0.9952076677316294,1.8698083067092652,0.13019169329073482,0.9631901840490797,0.0,0.4968051118210863,0.2582789228175776
MoteStrain,0,gap,0.1,0.05,aug_split_cp,fcn,20,13,7,70,1252,2,0.9960063897763578,1.8905750798722045,0.10942492012779553,0.9635036496350365,0.0,0.4968051118210863,0.2582789228175776
MoteStrain,0,gap,0.1,0.05,fast_cp_mixed_confidence_only,fcn,20,13,7,70,1252,2,0.9960063897763578,1.8905750798722045,0.10942492012779553,0.9635036496350365,0.0,0.4968051118210863,0.2582789228175776
MoteStrain,0,gap,0.1,0.05,fast_cp_mixed,fcn,20,13,7,70,1252,2,0.9960063897763578,1.876996805111821,0.12300319488817892,0.9675324675324676,0.0,0.4968051118210863,0.2582789228175776
MoteStrain,0,gap,0.2,0.05,clean_split_cp,fcn,20,13,7,70,1252,2,0.9912140575079872,1.8578274760383386,0.14217252396166133,0.9382022471910112,0.0,0.48642172523961663,0.2582967442255051
MoteStrain,0,gap,0.2,0.05,aug_split_cp,fcn,20,13,7,70,1252,2,0.9936102236421726,1.8761980830670926,0.12380191693290735,0.9483870967741935,0.0,0.48642172523961663,0.2582967442255051
MoteStrain,0,gap,0.2,0.05,fast_cp_mixed_confidence_only,fcn,20,13,7,70,1252,2,0.9936102236421726,1.8761980830670926,0.12380191693290735,0.9483870967741935,0.0,0.48642172523961663,0.2582967442255051
MoteStrain,0,gap,0.2,0.05,fast_cp_mixed,fcn,20,13,7,70,1252,2,0.9928115015974441,1.865814696485623,0.134185303514377,0.9464285714285714,0.0,0.48642172523961663,0.2582967442255051
MoteStrain,0,noise,0.05,0.05,clean_split_cp,fcn,20,13,7,70,1252,2,0.9968051118210862,1.871405750798722,0.12859424920127796,0.9751552795031055,0.0,0.4976038338658147,0.25910899581048435
MoteStrain,0,noise,0.05,0.05,aug_split_cp,fcn,20,13,7,70,1252,2,0.9976038338658147,1.8889776357827477,0.1110223642172524,0.9784172661870504,0.0,0.4976038338658147,0.25910899581048435
MoteStrain,0,noise,0.05,0.05,fast_cp_mixed_confidence_only,fcn,20,13,7,70,1252,2,0.9976038338658147,1.8889776357827477,0.1110223642172524,0.9784172661870504,0.0,0.4976038338658147,0.25910899581048435
MoteStrain,0,noise,0.05,0.05,fast_cp_mixed,fcn,20,13,7,70,1252,2,0.9968051118210862,1.8753993610223643,0.12460063897763578,0.9743589743589743,0.0,0.4976038338658147,0.25910899581048435
MoteStrain,0,noise,0.1,0.05,clean_split_cp,fcn,20,13,7,70,1252,2,0.9968051118210862,1.8761980830670926,0.12380191693290735,0.9741935483870968,0.0,0.4960063897763578,0.26156781337703
MoteStrain,0,noise,0.1,0.05,aug_split_cp,fcn,20,13,7,70,1252,2,0.9976038338658147,1.906549520766773,0.09345047923322684,0.9743589743589743,0.0,0.4960063897763578,0.26156781337703
MoteStrain,0,noise,0.1,0.05,fast_cp_mixed_confidence_only,fcn,20,13,7,70,1252,2,0.9976038338658147,1.906549520766773,0.09345047923322684,0.9743589743589743,0.0,0.4960063897763578,0.26156781337703
MoteStrain,0,noise,0.1,0.05,fast_cp_mixed,fcn,20,13,7,70,1252,2,0.9968051118210862,1.884185303514377,0.11581469648562301,0.9724137931034482,0.0,0.4960063897763578,0.26156781337703
MoteStrain,0,noise,0.2,0.05,clean_split_cp,fcn,20,13,7,70,1252,2,0.9976038338658147,1.9129392971246006,0.08706070287539937,0.9724770642201835,0.0,0.4960063897763578,0.27023691534043875
MoteStrain,0,noise,0.2,0.05,aug_split_cp,fcn,20,13,7,70,1252,2,0.9984025559105432,1.926517571884984,0.07348242811501597,0.9782608695652174,0.0,0.4960063897763578,0.27023691534043875
MoteStrain,0,noise,0.2,0.05,fast_cp_mixed_confidence_only,fcn,20,13,7,70,1252,2,0.9984025559105432,1.926517571884984,0.07348242811501597,0.9782608695652174,0.0,0.4960063897763578,0.27023691534043875
MoteStrain,0,noise,0.2,0.05,fast_cp_mixed,fcn,20,13,7,70,1252,2,0.9984025559105432,1.9201277955271565,0.07987220447284345,0.98,0.0,0.4960063897763578,0.27023691534043875
MoteStrain,0,drift,0.1,0.05,clean_split_cp,fcn,20,13,7,70,1252,2,0.9976038338658147,1.873003194888179,0.1269968051118211,0.9811320754716981,0.0,0.4952076677316294,0.26201599555464977
MoteStrain,0,drift,0.1,0.05,aug_split_cp,fcn,20,13,7,70,1252,2,0.9976038338658147,1.895367412140575,0.10463258785942492,0.9770992366412213,0.0,0.4952076677316294,0.26201599555464977
MoteStrain,0,drift,0.1,0.05,fast_cp_mixed_confidence_only,fcn,20,13,7,70,1252,2,0.9976038338658147,1.895367412140575,0.10463258785942492,0.9770992366412213,0.0,0.4952076677316294,0.26201599555464977
MoteStrain,0,drift,0.1,0.05,fast_cp_mixed,fcn,20,13,7,70,1252,2,0.9976038338658147,1.8833865814696487,0.11661341853035144,0.9794520547945206,0.0,0.4952076677316294,0.26201599555464977
MoteStrain,0,drift,0.2,0.05,clean_split_cp,fcn,20,13,7,70,1252,2,0.994408945686901,1.8706070287539935,0.12939297124600638,0.9567901234567902,0.0,0.5015974440894568,0.2543161009161617
MoteStrain,0,drift,0.2,0.05,aug_split_cp,fcn,20,13,7,70,1252,2,0.9960063897763578,1.8905750798722045,0.10942492012779553,0.9635036496350365,0.0,0.5015974440894568,0.2543161009161617
MoteStrain,0,drift,0.2,0.05,fast_cp_mixed_confidence_only,fcn,20,13,7,70,1252,2,0.9960063897763578,1.8905750798722045,0.10942492012779553,0.9635036496350365,0.0,0.5015974440894568,0.2543161009161617
MoteStrain,0,drift,0.2,0.05,fast_cp_mixed,fcn,20,13,7,70,1252,2,0.9960063897763578,1.8793929712460065,0.12060702875399361,0.9668874172185431,0.0,0.5015974440894568,0.2543161009161617
MoteStrain,0,drift,0.4,0.05,clean_split_cp,fcn,20,13,7,70,1252,2,0.9936102236421726,1.8586261980830672,0.1413738019169329,0.9548022598870056,0.0,0.5047923322683706,0.24015165798770735
MoteStrain,0,drift,0.4,0.05,aug_split_cp,fcn,20,13,7,70,1252,2,0.9960063897763578,1.876996805111821,0.12300319488817892,0.9675324675324676,0.0,0.5047923322683706,0.24015165798770735
MoteStrain,0,drift,0.4,0.05,fast_cp_mixed_confidence_only,fcn,20,13,7,70,1252,2,0.9960063897763578,1.876996805111821,0.12300319488817892,0.9675324675324676,0.0,0.5047923322683706,0.24015165798770735
MoteStrain,0,drift,0.4,0.05,fast_cp_mixed,fcn,20,13,7,70,1252,2,0.9960063897763578,1.8674121405750799,0.13258785942492013,0.9698795180722891,0.0,0.5047923322683706,0.24015165798770735
MoteStrain,1,gap,0.05,0.05,clean_split_cp,fcn,20,13,7,70,1252,2,0.981629392971246,1.4017571884984026,0.5982428115015974,0.9692923898531375,0.0,0.8682108626198083,0.2943611702979944
MoteStrain,1,gap,0.05,0.05,aug_split_cp,fcn,20,13,7,70,1252,2,0.981629392971246,1.4017571884984026,0.5982428115015974,0.9692923898531375,0.0,0.8682108626198083,0.2943611702979944
MoteStrain,1,gap,0.05,0.05,fast_cp_mixed_confidence_only,fcn,20,13,7,70,1252,2,0.981629392971246,1.4017571884984026,0.5982428115015974,0.9692923898531375,0.0,0.8682108626198083,0.2943611702979944
MoteStrain,1,gap,0.05,0.05,fast_cp_mixed,fcn,20,13,7,70,1252,2,0.981629392971246,1.4017571884984026,0.5982428115015974,0.9692923898531375,0.0,0.8682108626198083,0.2943611702979944
MoteStrain,1,gap,0.1,0.05,clean_split_cp,fcn,20,13,7,70,1252,2,0.9768370607028753,1.404153354632588,0.5958466453674122,0.9611260053619303,0.0,0.8674121405750799,0.29314599774135186
MoteStrain,1,gap,0.1,0.05,aug_split_cp,fcn,20,13,7,70,1252,2,0.9768370607028753,1.404153354632588,0.5958466453674122,0.9611260053619303,0.0,0.8674121405750799,0.29314599774135186
MoteStrain,1,gap,0.1,0.05,fast_cp_mixed_confidence_only,fcn,20,13,7,70,1252,2,0.9768370607028753,1.404153354632588,0.5958466453674122,0.9611260053619303,0.0,0.8674121405750799,0.29314599774135186
MoteStrain,1,gap,0.1,0.05,fast_cp_mixed,fcn,20,13,7,70,1252,2,0.9768370607028753,1.404153354632588,0.5958466453674122,0.9611260053619303,0.0,0.8674121405750799,0.29314599774135186
MoteStrain,1,gap,0.2,0.05,clean_split_cp,fcn,20,13,7,70,1252,2,0.963258785942492,1.4241214057507987,0.5758785942492013,0.9361997226074896,0.0,0.8210862619808307,0.24759831034337368
MoteStrain,1,gap,0.2,0.05,aug_split_cp,fcn,20,13,7,70,1252,2,0.963258785942492,1.4241214057507987,0.5758785942492013,0.9361997226074896,0.0,0.8210862619808307,0.24759831034337368
MoteStrain,1,gap,0.2,0.05,fast_cp_mixed_confidence_only,fcn,20,13,7,70,1252,2,0.963258785942492,1.4241214057507987,0.5758785942492013,0.9361997226074896,0.0,0.8210862619808307,0.24759831034337368
MoteStrain,1,gap,0.2,0.05,fast_cp_mixed,fcn,20,13,7,70,1252,2,0.963258785942492,1.4241214057507987,0.5758785942492013,0.9361997226074896,0.0,0.8210862619808307,0.24759831034337368
MoteStrain,1,noise,0.05,0.05,clean_split_cp,fcn,20,13,7,70,1252,2,0.9808306709265175,1.4193290734824282,0.5806709265175719,0.9669876203576341,0.0,0.8738019169329073,0.30112354743023656
MoteStrain,1,noise,0.05,0.05,aug_split_cp,fcn,20,13,7,70,1252,2,0.9808306709265175,1.4193290734824282,0.5806709265175719,0.9669876203576341,0.0,0.8738019169329073,0.30112354743023656
MoteStrain,1,noise,0.05,0.05,fast_cp_mixed_confidence_only,fcn,20,13,7,70,1252,2,0.9808306709265175,1.4193290734824282,0.5806709265175719,0.9669876203576341,0.0,0.8738019169329073,0.30112354743023656
MoteStrain,1,noise,0.05,0.05,fast_cp_mixed,fcn,20,13,7,70,1252,2,0.9808306709265175,1.4185303514376997,0.5814696485623003,0.967032967032967,0.0,0.8738019169329073,0.30112354743023656
MoteStrain,1,noise,0.1,0.05,clean_split_cp,fcn,20,13,7,70,1252,2,0.9848242811501597,1.426517571884984,0.5734824281150159,0.9735376044568245,0.0,0.8698083067092651,0.2977192800837203
MoteStrain,1,noise,0.1,0.05,aug_split_cp,fcn,20,13,7,70,1252,2,0.9848242811501597,1.426517571884984,0.5734824281150159,0.9735376044568245,0.0,0.8698083067092651,0.2977192800837203
MoteStrain,1,noise,0.1,0.05,fast_cp_mixed_confidence_only,fcn,20,13,7,70,1252,2,0.9848242811501597,1.426517571884984,0.5734824281150159,0.9735376044568245,0.0,0.8698083067092651,0.2977192800837203
MoteStrain,1,noise,0.1,0.05,fast_cp_mixed,fcn,20,13,7,70,1252,2,0.9840255591054313,1.4241214057507987,0.5758785942492013,0.9722607489597781,0.0,0.8698083067092651,0.2977192800837203
MoteStrain,1,noise,0.2,0.05,clean_split_cp,fcn,20,13,7,70,1252,2,0.9840255591054313,1.4512779552715656,0.5487220447284346,0.9708879184861717,0.0,0.8634185303514377,0.29458928927065087
MoteStrain,1,noise,0.2,0.05,aug_split_cp,fcn,20,13,7,70,1252,2,0.9840255591054313,1.4512779552715656,0.5487220447284346,0.9708879184861717,0.0,0.8634185303514377,0.29458928927065087
MoteStrain,1,noise,0.2,0.05,fast_cp_mixed_confidence_only,fcn,20,13,7,70,1252,2,0.9840255591054313,1.4512779552715656,0.5487220447284346,0.9708879184861717,0.0,0.8634185303514377,0.29458928927065087
MoteStrain,1,noise,0.2,0.05,fast_cp_mixed,fcn,20,13,7,70,1252,2,0.9840255591054313,1.4512779552715656,0.5487220447284346,0.9708879184861717,0.0,0.8634185303514377,0.29458928927065087
MoteStrain,1,drift,0.1,0.05,clean_split_cp,fcn,20,13,7,70,1252,2,0.9800319488817891,1.406549520766773,0.5934504792332268,0.9663526244952894,0.0,0.8722044728434505,0.29889254172008256
MoteStrain,1,drift,0.1,0.05,aug_split_cp,fcn,20,13,7,70,1252,2,0.9800319488817891,1.406549520766773,0.5934504792332268,0.9663526244952894,0.0,0.8722044728434505,0.29889254172008256
MoteStrain,1,drift,0.1,0.05,fast_cp_mixed_confidence_only,fcn,20,13,7,70,1252,2,0.9800319488817891,1.406549520766773,0.5934504792332268,0.9663526244952894,0.0,0.8722044728434505,0.29889254172008256
MoteStrain,1,drift,0.1,0.05,fast_cp_mixed,fcn,20,13,7,70,1252,2,0.9800319488817891,1.4057507987220448,0.5942492012779552,0.9663978494623656,0.0,0.8722044728434505,0.29889254172008256
MoteStrain,1,drift,0.2,0.05,clean_split_cp,fcn,20,13,7,70,1252,2,0.9768370607028753,1.3913738019169328,0.6086261980830671,0.9619422572178478,0.0,0.8674121405750799,0.2917506517693639
MoteStrain,1,drift,0.2,0.05,aug_split_cp,fcn,20,13,7,70,1252,2,0.9768370607028753,1.3913738019169328,0.6086261980830671,0.9619422572178478,0.0,0.8674121405750799,0.2917506517693639
MoteStrain,1,drift,0.2,0.05,fast_cp_mixed_confidence_only,fcn,20,13,7,70,1252,2,0.9768370607028753,1.3913738019169328,0.6086261980830671,0.9619422572178478,0.0,0.8674121405750799,0.2917506517693639
MoteStrain,1,drift,0.2,0.05,fast_cp_mixed,fcn,20,13,7,70,1252,2,0.9768370607028753,1.3905750798722045,0.6094249201277955,0.9619921363040629,0.0,0.8674121405750799,0.2917506517693639
MoteStrain,1,drift,0.4,0.05,clean_split_cp,fcn,20,13,7,70,1252,2,0.9544728434504792,1.373003194888179,0.6269968051118211,0.9273885350318471,0.0,0.8282747603833865,0.2483474705546809
MoteStrain,1,drift,0.4,0.05,aug_split_cp,fcn,20,13,7,70,1252,2,0.9544728434504792,1.373003194888179,0.6269968051118211,0.9273885350318471,0.0,0.8282747603833865,0.2483474705546809
MoteStrain,1,drift,0.4,0.05,fast_cp_mixed_confidence_only,fcn,20,13,7,70,1252,2,0.9544728434504792,1.373003194888179,0.6269968051118211,0.9273885350318471,0.0,0.8282747603833865,0.2483474705546809
MoteStrain,1,drift,0.4,0.05,fast_cp_mixed,fcn,20,13,7,70,1252,2,0.9544728434504792,1.373003194888179,0.6269968051118211,0.9273885350318471,0.0,0.8282747603833865,0.2483474705546809
Beef,0,gap,0.05,0.05,clean_split_cp,fcn,20,19,11,110,30,5,1.0,4.633333333333334,0.0,0.0,0.0,0.2,0.11237605214118956
Beef,0,gap,0.05,0.05,aug_split_cp,fcn,20,19,11,110,30,5,1.0,4.733333333333333,0.0,0.0,0.0,0.2,0.11237605214118956
Beef,0,gap,0.05,0.05,fast_cp_mixed_confidence_only,fcn,20,19,11,110,30,5,1.0,4.8,0.0,0.0,0.0,0.2,0.11237605214118956
Beef,0,gap,0.05,0.05,fast_cp_mixed,fcn,20,19,11,110,30,5,1.0,4.666666666666667,0.0,0.0,0.0,0.2,0.11237605214118956
Beef,0,gap,0.1,0.05,clean_split_cp,fcn,20,19,11,110,30,5,1.0,4.566666666666666,0.0,0.0,0.0,0.2,0.11330999732017516
Beef,0,gap,0.1,0.05,aug_split_cp,fcn,20,19,11,110,30,5,1.0,4.7,0.0,0.0,0.0,0.2,0.11330999732017516
Beef,0,gap,0.1,0.05,fast_cp_mixed_confidence_only,fcn,20,19,11,110,30,5,1.0,4.733333333333333,0.0,0.0,0.0,0.2,0.11330999732017516
Beef,0,gap,0.1,0.05,fast_cp_mixed,fcn,20,19,11,110,30,5,1.0,4.6,0.0,0.0,0.0,0.2,0.11330999732017516
Beef,0,gap,0.2,0.05,clean_split_cp,fcn,20,19,11,110,30,5,1.0,4.5,0.0,0.0,0.0,0.2,0.11425854563713073
Beef,0,gap,0.2,0.05,aug_split_cp,fcn,20,19,11,110,30,5,1.0,4.633333333333334,0.0,0.0,0.0,0.2,0.11425854563713073
Beef,0,gap,0.2,0.05,fast_cp_mixed_confidence_only,fcn,20,19,11,110,30,5,0.9666666666666667,4.566666666666666,0.0,0.0,0.0,0.2,0.11425854563713073
Beef,0,gap,0.2,0.05,fast_cp_mixed,fcn,20,19,11,110,30,5,1.0,4.5,0.0,0.0,0.0,0.2,0.11425854563713073
Beef,0,noise,0.05,0.05,clean_split_cp,fcn,20,19,11,110,30,5,1.0,4.666666666666667,0.0,0.0,0.0,0.2,0.11123837828636168
Beef,0,noise,0.05,0.05,aug_split_cp,fcn,20,19,11,110,30,5,1.0,4.766666666666667,0.0,0.0,0.0,0.2,0.11123837828636168
Beef,0,noise,0.05,0.05,fast_cp_mixed_confidence_only,fcn,20,19,11,110,30,5,1.0,4.8,0.0,0.0,0.0,0.2,0.11123837828636168
Beef,0,noise,0.05,0.05,fast_cp_mixed,fcn,20,19,11,110,30,5,1.0,4.666666666666667,0.0,0.0,0.0,0.2,0.11123837828636168
Beef,0,noise,0.1,0.05,clean_split_cp,fcn,20,19,11,110,30,5,1.0,4.733333333333333,0.0,0.0,0.0,0.2,0.10907315015792846
Beef,0,noise,0.1,0.05,aug_split_cp,fcn,20,19,11,110,30,5,1.0,4.8,0.0,0.0,0.0,0.2,0.10907315015792846
Beef,0,noise,0.1,0.05,fast_cp_mixed_confidence_only,fcn,20,19,11,110,30,5,1.0,4.766666666666667,0.0,0.0,0.0,0.2,0.10907315015792846
Beef,0,noise,0.1,0.05,fast_cp_mixed,fcn,20,19,11,110,30,5,1.0,4.733333333333333,0.0,0.0,0.0,0.2,0.10907315015792846
Beef,0,noise,0.2,0.05,clean_split_cp,fcn,20,19,11,110,30,5,1.0,4.933333333333334,0.0,0.0,0.0,0.2,0.10022242665290831
Beef,0,noise,0.2,0.05,aug_split_cp,fcn,20,19,11,110,30,5,1.0,4.966666666666667,0.0,0.0,0.0,0.2,0.10022242665290831
Beef,0,noise,0.2,0.05,fast_cp_mixed_confidence_only,fcn,20,19,11,110,30,5,1.0,4.8,0.0,0.0,0.0,0.2,0.10022242665290831
Beef,0,noise,0.2,0.05,fast_cp_mixed,fcn,20,19,11,110,30,5,1.0,4.9,0.0,0.0,0.0,0.2,0.10022242665290831
Beef,0,drift,0.1,0.05,clean_split_cp,fcn,20,19,11,110,30,5,0.9666666666666667,4.533333333333333,0.0,0.0,0.0,0.2,0.11188362836837767
Beef,0,drift,0.1,0.05,aug_split_cp,fcn,20,19,11,110,30,5,1.0,4.7,0.0,0.0,0.0,0.2,0.11188362836837767
Beef,0,drift,0.1,0.05,fast_cp_mixed_confidence_only,fcn,20,19,11,110,30,5,0.9666666666666667,4.7,0.0,0.0,0.0,0.2,0.11188362836837767
Beef,0,drift,0.1,0.05,fast_cp_mixed,fcn,20,19,11,110,30,5,0.9666666666666667,4.566666666666666,0.0,0.0,0.0,0.2,0.11188362836837767
Beef,0,drift,0.2,0.05,clean_split_cp,fcn,20,19,11,110,30,5,0.9666666666666667,4.566666666666666,0.0,0.0,0.0,0.2,0.10837833881378173
Beef,0,drift,0.2,0.05,aug_split_cp,fcn,20,19,11,110,30,5,1.0,4.8,0.0,0.0,0.0,0.2,0.10837833881378173
Beef,0,drift,0.2,0.05,fast_cp_mixed_confidence_only,fcn,20,19,11,110,30,5,0.9666666666666667,4.633333333333334,0.0,0.0,0.0,0.2,0.10837833881378173
Beef,0,drift,0.2,0.05,fast_cp_mixed,fcn,20,19,11,110,30,5,0.9666666666666667,4.566666666666666,0.0,0.0,0.0,0.2,0.10837833881378173
Beef,0,drift,0.4,0.05,clean_split_cp,fcn,20,19,11,110,30,5,1.0,4.5,0.0,0.0,0.0,0.2,0.13415476282437644
Beef,0,drift,0.4,0.05,aug_split_cp,fcn,20,19,11,110,30,5,1.0,4.533333333333333,0.0,0.0,0.0,0.2,0.13415476282437644
Beef,0,drift,0.4,0.05,fast_cp_mixed_confidence_only,fcn,20,19,11,110,30,5,1.0,4.5,0.0,0.0,0.0,0.2,0.13415476282437644
Beef,0,drift,0.4,0.05,fast_cp_mixed,fcn,20,19,11,110,30,5,1.0,4.5,0.0,0.0,0.0,0.2,0.13415476282437644
Beef,1,gap,0.05,0.05,clean_split_cp,fcn,20,19,11,110,30,5,1.0,5.0,0.0,0.0,0.0,0.26666666666666666,0.07913528780142465
Beef,1,gap,0.05,0.05,aug_split_cp,fcn,20,19,11,110,30,5,1.0,5.0,0.0,0.0,0.0,0.26666666666666666,0.07913528780142465
Beef,1,gap,0.05,0.05,fast_cp_mixed_confidence_only,fcn,20,19,11,110,30,5,0.9333333333333333,4.733333333333333,0.0,0.0,0.0,0.26666666666666666,0.07913528780142465
Beef,1,gap,0.05,0.05,fast_cp_mixed,fcn,20,19,11,110,30,5,1.0,5.0,0.0,0.0,0.0,0.26666666666666666,0.07913528780142465
Beef,1,gap,0.1,0.05,clean_split_cp,fcn,20,19,11,110,30,5,1.0,5.0,0.0,0.0,0.0,0.26666666666666666,0.02997453610102335
Beef,1,gap,0.1,0.05,aug_split_cp,fcn,20,19,11,110,30,5,1.0,5.0,0.0,0.0,0.0,0.26666666666666666,0.02997453610102335
Beef,1,gap,0.1,0.05,fast_cp_mixed_confidence_only,fcn,20,19,11,110,30,5,0.9333333333333333,4.833333333333333,0.0,0.0,0.0,0.26666666666666666,0.02997453610102335
Beef,1,gap,0.1,0.05,fast_cp_mixed,fcn,20,19,11,110,30,5,1.0,5.0,0.0,0.0,0.0,0.26666666666666666,0.02997453610102335
Beef,1,gap,0.2,0.05,clean_split_cp,fcn,20,19,11,110,30,5,1.0,4.966666666666667,0.0,0.0,0.0,0.26666666666666666,0.06396802067756652
Beef,1,gap,0.2,0.05,aug_split_cp,fcn,20,19,11,110,30,5,1.0,4.966666666666667,0.0,0.0,0.0,0.26666666666666666,0.06396802067756652
Beef,1,gap,0.2,0.05,fast_cp_mixed_confidence_only,fcn,20,19,11,110,30,5,0.9666666666666667,4.766666666666667,0.0,0.0,0.0,0.26666666666666666,0.06396802067756652
Beef,1,gap,0.2,0.05,fast_cp_mixed,fcn,20,19,11,110,30,5,1.0,4.966666666666667,0.0,0.0,0.0,0.26666666666666666,0.06396802067756652
Beef,1,noise,0.05,0.05,clean_split_cp,fcn,20,19,11,110,30,5,1.0,5.0,0.0,0.0,0.0,0.26666666666666666,0.09688404798507691
Beef,1,noise,0.05,0.05,aug_split_cp,fcn,20,19,11,110,30,5,1.0,5.0,0.0,0.0,0.0,0.26666666666666666,0.09688404798507691
Beef,1,noise,0.05,0.05,fast_cp_mixed_confidence_only,fcn,20,19,11,110,30,5,0.9333333333333333,4.766666666666667,0.0,0.0,0.0,0.26666666666666666,0.09688404798507691
Beef,1,noise,0.05,0.05,fast_cp_mixed,fcn,20,19,11,110,30,5,1.0,5.0,0.0,0.0,0.0,0.26666666666666666,0.09688404798507691
Beef,1,noise,0.1,0.05,clean_split_cp,fcn,20,19,11,110,30,5,1.0,5.0,0.0,0.0,0.0,0.26666666666666666,0.0968501110871633
Beef,1,noise,0.1,0.05,aug_split_cp,fcn,20,19,11,110,30,5,1.0,5.0,0.0,0.0,0.0,0.26666666666666666,0.0968501110871633
Beef,1,noise,0.1,0.05,fast_cp_mixed_confidence_only,fcn,20,19,11,110,30,5,0.9333333333333333,4.733333333333333,0.0,0.0,0.0,0.26666666666666666,0.0968501110871633
Beef,1,noise,0.1,0.05,fast_cp_mixed,fcn,20,19,11,110,30,5,1.0,5.0,0.0,0.0,0.0,0.26666666666666666,0.0968501110871633
Beef,1,noise,0.2,0.05,clean_split_cp,fcn,20,19,11,110,30,5,1.0,5.0,0.0,0.0,0.0,0.26666666666666666,0.04837069511413575
Beef,1,noise,0.2,0.05,aug_split_cp,fcn,20,19,11,110,30,5,1.0,5.0,0.0,0.0,0.0,0.26666666666666666,0.04837069511413575
Beef,1,noise,0.2,0.05,fast_cp_mixed_confidence_only,fcn,20,19,11,110,30,5,0.9333333333333333,4.733333333333333,0.0,0.0,0.0,0.26666666666666666,0.04837069511413575
Beef,1,noise,0.2,0.05,fast_cp_mixed,fcn,20,19,11,110,30,5,1.0,5.0,0.0,0.0,0.0,0.26666666666666666,0.04837069511413575
Beef,1,drift,0.1,0.05,clean_split_cp,fcn,20,19,11,110,30,5,1.0,5.0,0.0,0.0,0.0,0.26666666666666666,0.09685758749643962
Beef,1,drift,0.1,0.05,aug_split_cp,fcn,20,19,11,110,30,5,1.0,5.0,0.0,0.0,0.0,0.26666666666666666,0.09685758749643962
Beef,1,drift,0.1,0.05,fast_cp_mixed_confidence_only,fcn,20,19,11,110,30,5,0.9333333333333333,4.733333333333333,0.0,0.0,0.0,0.26666666666666666,0.09685758749643962
Beef,1,drift,0.1,0.05,fast_cp_mixed,fcn,20,19,11,110,30,5,1.0,5.0,0.0,0.0,0.0,0.26666666666666666,0.09685758749643962
Beef,1,drift,0.2,0.05,clean_split_cp,fcn,20,19,11,110,30,5,1.0,5.0,0.0,0.0,0.0,0.23333333333333334,0.08128287096818289
Beef,1,drift,0.2,0.05,aug_split_cp,fcn,20,19,11,110,30,5,1.0,5.0,0.0,0.0,0.0,0.23333333333333334,0.08128287096818289
Beef,1,drift,0.2,0.05,fast_cp_mixed_confidence_only,fcn,20,19,11,110,30,5,0.9333333333333333,4.8,0.0,0.0,0.0,0.23333333333333334,0.08128287096818289
Beef,1,drift,0.2,0.05,fast_cp_mixed,fcn,20,19,11,110,30,5,1.0,5.0,0.0,0.0,0.0,0.23333333333333334,0.08128287096818289
Beef,1,drift,0.4,0.05,clean_split_cp,fcn,20,19,11,110,30,5,0.9666666666666667,4.966666666666667,0.0,0.0,0.0,0.23333333333333334,0.042840484778086343
Beef,1,drift,0.4,0.05,aug_split_cp,fcn,20,19,11,110,30,5,0.9666666666666667,4.966666666666667,0.0,0.0,0.0,0.23333333333333334,0.042840484778086343
Beef,1,drift,0.4,0.05,fast_cp_mixed_confidence_only,fcn,20,19,11,110,30,5,0.8666666666666667,4.7,0.0,0.0,0.0,0.23333333333333334,0.042840484778086343
Beef,1,drift,0.4,0.05,fast_cp_mixed,fcn,20,19,11,110,30,5,0.9666666666666667,4.966666666666667,0.0,0.0,0.0,0.23333333333333334,0.042840484778086343
