dataset,seed,corruption,severity,alpha,method,n_train,n_calib,n_aug_calib,n_test,n_channels,series_length,n_classes,coverage,avg_set_size,singleton_rate,singleton_accuracy,empty_rate,top1_accuracy,ece
BasicMotions,0,gap,0.05,0.05,clean_split_cp,26,14,140,40,6,100,4,1.0,1.025,0.975,1.0,0.0,1.0,0.09817471284986037
BasicMotions,0,gap,0.05,0.05,aug_split_cp,26,14,140,40,6,100,4,1.0,1.025,0.975,1.0,0.0,1.0,0.09817471284986037
BasicMotions,0,gap,0.05,0.05,fast_cp_mixed_input_only,26,14,140,40,6,100,4,1.0,1.025,0.975,1.0,0.0,1.0,0.09817471284986037
BasicMotions,0,gap,0.05,0.05,fast_cp_mixed_confidence_only,26,14,140,40,6,100,4,1.0,1.05,0.95,1.0,0.0,1.0,0.09817471284986037
BasicMotions,0,gap,0.05,0.05,fast_cp_mixed_random_fingerprint,26,14,140,40,6,100,4,1.0,1.025,0.975,1.0,0.0,1.0,0.09817471284986037
BasicMotions,0,gap,0.05,0.05,fast_cp_mixed,26,14,140,40,6,100,4,1.0,1.025,0.975,1.0,0.0,1.0,0.09817471284986037
BasicMotions,0,gap,0.1,0.05,clean_split_cp,26,14,140,40,6,100,4,0.975,1.025,0.975,0.9743589743589743,0.0,0.95,0.11152678569281765
BasicMotions,0,gap,0.1,0.05,aug_split_cp,26,14,140,40,6,100,4,0.975,1.025,0.975,0.9743589743589743,0.0,0.95,0.11152678569281765
BasicMotions,0,gap,0.1,0.05,fast_cp_mixed_input_only,26,14,140,40,6,100,4,0.975,1.025,0.975,0.9743589743589743,0.0,0.95,0.11152678569281765
BasicMotions,0,gap,0.1,0.05,fast_cp_mixed_confidence_only,26,14,140,40,6,100,4,1.0,1.05,0.95,1.0,0.0,0.95,0.11152678569281765
BasicMotions,0,gap,0.1,0.05,fast_cp_mixed_random_fingerprint,26,14,140,40,6,100,4,0.975,1.025,0.975,0.9743589743589743,0.0,0.95,0.11152678569281765
BasicMotions,0,gap,0.1,0.05,fast_cp_mixed,26,14,140,40,6,100,4,0.975,1.025,0.975,0.9743589743589743,0.0,0.95,0.11152678569281765
BasicMotions,0,gap,0.2,0.05,clean_split_cp,26,14,140,40,6,100,4,1.0,1.0,1.0,1.0,0.0,1.0,0.1077477012973818
BasicMotions,0,gap,0.2,0.05,aug_split_cp,26,14,140,40,6,100,4,1.0,1.0,1.0,1.0,0.0,1.0,0.1077477012973818
BasicMotions,0,gap,0.2,0.05,fast_cp_mixed_input_only,26,14,140,40,6,100,4,1.0,1.0,1.0,1.0,0.0,1.0,0.1077477012973818
BasicMotions,0,gap,0.2,0.05,fast_cp_mixed_confidence_only,26,14,140,40,6,100,4,1.0,1.025,0.975,1.0,0.0,1.0,0.1077477012973818
BasicMotions,0,gap,0.2,0.05,fast_cp_mixed_random_fingerprint,26,14,140,40,6,100,4,1.0,1.0,1.0,1.0,0.0,1.0,0.1077477012973818
BasicMotions,0,gap,0.2,0.05,fast_cp_mixed,26,14,140,40,6,100,4,1.0,1.0,1.0,1.0,0.0,1.0,0.1077477012973818
BasicMotions,0,noise,0.05,0.05,clean_split_cp,26,14,140,40,6,100,4,1.0,1.025,0.975,1.0,0.0,0.975,0.08405901356234377
BasicMotions,0,noise,0.05,0.05,aug_split_cp,26,14,140,40,6,100,4,1.0,1.025,0.975,1.0,0.0,0.975,0.08405901356234377
BasicMotions,0,noise,0.05,0.05,fast_cp_mixed_input_only,26,14,140,40,6,100,4,1.0,1.025,0.975,1.0,0.0,0.975,0.08405901356234377
BasicMotions,0,noise,0.05,0.05,fast_cp_mixed_confidence_only,26,14,140,40,6,100,4,1.0,1.025,0.975,1.0,0.0,0.975,0.08405901356234377
BasicMotions,0,noise,0.05,0.05,fast_cp_mixed_random_fingerprint,26,14,140,40,6,100,4,1.0,1.025,0.975,1.0,0.0,0.975,0.08405901356234377
BasicMotions,0,noise,0.05,0.05,fast_cp_mixed,26,14,140,40,6,100,4,1.0,1.025,0.975,1.0,0.0,0.975,0.08405901356234377
BasicMotions,0,noise,0.1,0.05,clean_split_cp,26,14,140,40,6,100,4,1.0,1.025,0.975,1.0,0.0,0.975,0.08760613333255945
BasicMotions,0,noise,0.1,0.05,aug_split_cp,26,14,140,40,6,100,4,1.0,1.025,0.975,1.0,0.0,0.975,0.08760613333255945
BasicMotions,0,noise,0.1,0.05,fast_cp_mixed_input_only,26,14,140,40,6,100,4,1.0,1.025,0.975,1.0,0.0,0.975,0.08760613333255945
BasicMotions,0,noise,0.1,0.05,fast_cp_mixed_confidence_only,26,14,140,40,6,100,4,1.0,1.025,0.975,1.0,0.0,0.975,0.08760613333255945
BasicMotions,0,noise,0.1,0.05,fast_cp_mixed_random_fingerprint,26,14,140,40,6,100,4,1.0,1.025,0.975,1.0,0.0,0.975,0.08760613333255945
BasicMotions,0,noise,0.1,0.05,fast_cp_mixed,26,14,140,40,6,100,4,1.0,1.025,0.975,1.0,0.0,0.975,0.08760613333255945
BasicMotions,0,noise,0.2,0.05,clean_split_cp,26,14,140,40,6,100,4,0.975,1.0,1.0,0.975,0.0,0.975,0.1030055633856159
BasicMotions,0,noise,0.2,0.05,aug_split_cp,26,14,140,40,6,100,4,0.975,1.0,1.0,0.975,0.0,0.975,0.1030055633856159
BasicMotions,0,noise,0.2,0.05,fast_cp_mixed_input_only,26,14,140,40,6,100,4,0.975,1.0,1.0,0.975,0.0,0.975,0.1030055633856159
BasicMotions,0,noise,0.2,0.05,fast_cp_mixed_confidence_only,26,14,140,40,6,100,4,1.0,1.025,0.975,1.0,0.0,0.975,0.1030055633856159
BasicMotions,0,noise,0.2,0.05,fast_cp_mixed_random_fingerprint,26,14,140,40,6,100,4,0.975,1.0,1.0,0.975,0.0,0.975,0.1030055633856159
BasicMotions,0,noise,0.2,0.05,fast_cp_mixed,26,14,140,40,6,100,4,0.975,1.0,1.0,0.975,0.0,0.975,0.1030055633856159
BasicMotions,0,drift,0.1,0.05,clean_split_cp,26,14,140,40,6,100,4,1.0,1.025,0.975,1.0,0.0,1.0,0.08247782741156379
BasicMotions,0,drift,0.1,0.05,aug_split_cp,26,14,140,40,6,100,4,1.0,1.025,0.975,1.0,0.0,1.0,0.08247782741156379
BasicMotions,0,drift,0.1,0.05,fast_cp_mixed_input_only,26,14,140,40,6,100,4,1.0,1.025,0.975,1.0,0.0,1.0,0.08247782741156379
BasicMotions,0,drift,0.1,0.05,fast_cp_mixed_confidence_only,26,14,140,40,6,100,4,1.0,1.025,0.975,1.0,0.0,1.0,0.08247782741156379
BasicMotions,0,drift,0.1,0.05,fast_cp_mixed_random_fingerprint,26,14,140,40,6,100,4,1.0,1.025,0.975,1.0,0.0,1.0,0.08247782741156379
BasicMotions,0,drift,0.1,0.05,fast_cp_mixed,26,14,140,40,6,100,4,1.0,1.025,0.975,1.0,0.0,1.0,0.08247782741156379
BasicMotions,0,drift,0.2,0.05,clean_split_cp,26,14,140,40,6,100,4,1.0,1.0,1.0,1.0,0.0,1.0,0.08314337670334625
BasicMotions,0,drift,0.2,0.05,aug_split_cp,26,14,140,40,6,100,4,1.0,1.0,1.0,1.0,0.0,1.0,0.08314337670334625
BasicMotions,0,drift,0.2,0.05,fast_cp_mixed_input_only,26,14,140,40,6,100,4,1.0,1.0,1.0,1.0,0.0,1.0,0.08314337670334625
BasicMotions,0,drift,0.2,0.05,fast_cp_mixed_confidence_only,26,14,140,40,6,100,4,1.0,1.025,0.975,1.0,0.0,1.0,0.08314337670334625
BasicMotions,0,drift,0.2,0.05,fast_cp_mixed_random_fingerprint,26,14,140,40,6,100,4,1.0,1.0,1.0,1.0,0.0,1.0,0.08314337670334625
BasicMotions,0,drift,0.2,0.05,fast_cp_mixed,26,14,140,40,6,100,4,1.0,1.0,1.0,1.0,0.0,1.0,0.08314337670334625
BasicMotions,0,drift,0.4,0.05,clean_split_cp,26,14,140,40,6,100,4,0.975,1.0,1.0,0.975,0.0,0.975,0.07018740986220603
BasicMotions,0,drift,0.4,0.05,aug_split_cp,26,14,140,40,6,100,4,0.975,1.0,1.0,0.975,0.0,0.975,0.07018740986220603
BasicMotions,0,drift,0.4,0.05,fast_cp_mixed_input_only,26,14,140,40,6,100,4,0.975,1.0,1.0,0.975,0.0,0.975,0.07018740986220603
BasicMotions,0,drift,0.4,0.05,fast_cp_mixed_confidence_only,26,14,140,40,6,100,4,0.975,1.0,1.0,0.975,0.0,0.975,0.07018740986220603
BasicMotions,0,drift,0.4,0.05,fast_cp_mixed_random_fingerprint,26,14,140,40,6,100,4,0.975,1.0,1.0,0.975,0.0,0.975,0.07018740986220603
BasicMotions,0,drift,0.4,0.05,fast_cp_mixed,26,14,140,40,6,100,4,0.975,1.0,1.0,0.975,0.0,0.975,0.07018740986220603
BasicMotions,1,gap,0.05,0.05,clean_split_cp,26,14,140,40,6,100,4,0.975,1.025,0.975,0.9743589743589743,0.0,0.95,0.10201325741498102
BasicMotions,1,gap,0.05,0.05,aug_split_cp,26,14,140,40,6,100,4,0.975,1.025,0.975,0.9743589743589743,0.0,0.95,0.10201325741498102
BasicMotions,1,gap,0.05,0.05,fast_cp_mixed_input_only,26,14,140,40,6,100,4,0.975,1.025,0.975,0.9743589743589743,0.0,0.95,0.10201325741498102
BasicMotions,1,gap,0.05,0.05,fast_cp_mixed_confidence_only,26,14,140,40,6,100,4,1.0,1.05,0.95,1.0,0.0,0.95,0.10201325741498102
BasicMotions,1,gap,0.05,0.05,fast_cp_mixed_random_fingerprint,26,14,140,40,6,100,4,0.975,1.025,0.975,0.9743589743589743,0.0,0.95,0.10201325741498102
BasicMotions,1,gap,0.05,0.05,fast_cp_mixed,26,14,140,40,6,100,4,1.0,1.05,0.95,1.0,0.0,0.95,0.10201325741498102
BasicMotions,1,gap,0.1,0.05,clean_split_cp,26,14,140,40,6,100,4,0.975,1.05,0.95,0.9736842105263158,0.0,0.95,0.09838722612521045
BasicMotions,1,gap,0.1,0.05,aug_split_cp,26,14,140,40,6,100,4,0.975,1.05,0.95,0.9736842105263158,0.0,0.95,0.09838722612521045
BasicMotions,1,gap,0.1,0.05,fast_cp_mixed_input_only,26,14,140,40,6,100,4,0.975,1.05,0.95,0.9736842105263158,0.0,0.95,0.09838722612521045
BasicMotions,1,gap,0.1,0.05,fast_cp_mixed_confidence_only,26,14,140,40,6,100,4,0.975,1.05,0.95,0.9736842105263158,0.0,0.95,0.09838722612521045
BasicMotions,1,gap,0.1,0.05,fast_cp_mixed_random_fingerprint,26,14,140,40,6,100,4,0.975,1.05,0.95,0.9736842105263158,0.0,0.95,0.09838722612521045
BasicMotions,1,gap,0.1,0.05,fast_cp_mixed,26,14,140,40,6,100,4,0.975,1.05,0.95,0.9736842105263158,0.0,0.95,0.09838722612521045
BasicMotions,1,gap,0.2,0.05,clean_split_cp,26,14,140,40,6,100,4,0.975,1.05,0.95,0.9736842105263158,0.0,0.95,0.12264192215778623
BasicMotions,1,gap,0.2,0.05,aug_split_cp,26,14,140,40,6,100,4,0.975,1.05,0.95,0.9736842105263158,0.0,0.95,0.12264192215778623
BasicMotions,1,gap,0.2,0.05,fast_cp_mixed_input_only,26,14,140,40,6,100,4,0.975,1.075,0.925,0.972972972972973,0.0,0.95,0.12264192215778623
BasicMotions,1,gap,0.2,0.05,fast_cp_mixed_confidence_only,26,14,140,40,6,100,4,0.975,1.05,0.95,0.9736842105263158,0.0,0.95,0.12264192215778623
BasicMotions,1,gap,0.2,0.05,fast_cp_mixed_random_fingerprint,26,14,140,40,6,100,4,0.975,1.05,0.95,0.9736842105263158,0.0,0.95,0.12264192215778623
BasicMotions,1,gap,0.2,0.05,fast_cp_mixed,26,14,140,40,6,100,4,0.975,1.075,0.925,0.972972972972973,0.0,0.95,0.12264192215778623
BasicMotions,1,noise,0.05,0.05,clean_split_cp,26,14,140,40,6,100,4,0.975,1.05,0.95,0.9736842105263158,0.0,0.975,0.10284455557619612
BasicMotions,1,noise,0.05,0.05,aug_split_cp,26,14,140,40,6,100,4,0.975,1.05,0.95,0.9736842105263158,0.0,0.975,0.10284455557619612
BasicMotions,1,noise,0.05,0.05,fast_cp_mixed_input_only,26,14,140,40,6,100,4,0.975,1.05,0.95,0.9736842105263158,0.0,0.975,0.10284455557619612
BasicMotions,1,noise,0.05,0.05,fast_cp_mixed_confidence_only,26,14,140,40,6,100,4,0.975,1.05,0.95,0.9736842105263158,0.0,0.975,0.10284455557619612
BasicMotions,1,noise,0.05,0.05,fast_cp_mixed_random_fingerprint,26,14,140,40,6,100,4,0.975,1.05,0.95,0.9736842105263158,0.0,0.975,0.10284455557619612
BasicMotions,1,noise,0.05,0.05,fast_cp_mixed,26,14,140,40,6,100,4,0.975,1.05,0.95,0.9736842105263158,0.0,0.975,0.10284455557619612
BasicMotions,1,noise,0.1,0.05,clean_split_cp,26,14,140,40,6,100,4,0.975,1.05,0.95,0.9736842105263158,0.0,0.975,0.10267782114418042
BasicMotions,1,noise,0.1,0.05,aug_split_cp,26,14,140,40,6,100,4,0.975,1.05,0.95,0.9736842105263158,0.0,0.975,0.10267782114418042
BasicMotions,1,noise,0.1,0.05,fast_cp_mixed_input_only,26,14,140,40,6,100,4,0.975,1.05,0.95,0.9736842105263158,0.0,0.975,0.10267782114418042
BasicMotions,1,noise,0.1,0.05,fast_cp_mixed_confidence_only,26,14,140,40,6,100,4,1.0,1.075,0.925,1.0,0.0,0.975,0.10267782114418042
BasicMotions,1,noise,0.1,0.05,fast_cp_mixed_random_fingerprint,26,14,140,40,6,100,4,0.975,1.05,0.95,0.9736842105263158,0.0,0.975,0.10267782114418042
BasicMotions,1,noise,0.1,0.05,fast_cp_mixed,26,14,140,40,6,100,4,0.975,1.05,0.95,0.9736842105263158,0.0,0.975,0.10267782114418042
BasicMotions,1,noise,0.2,0.05,clean_split_cp,26,14,140,40,6,100,4,0.975,1.05,0.95,0.9736842105263158,0.0,0.95,0.11141582493197524
BasicMotions,1,noise,0.2,0.05,aug_split_cp,26,14,140,40,6,100,4,0.975,1.05,0.95,0.9736842105263158,0.0,0.95,0.11141582493197524
BasicMotions,1,noise,0.2,0.05,fast_cp_mixed_input_only,26,14,140,40,6,100,4,0.975,1.05,0.95,0.9736842105263158,0.0,0.95,0.11141582493197524
BasicMotions,1,noise,0.2,0.05,fast_cp_mixed_confidence_only,26,14,140,40,6,100,4,0.975,1.075,0.95,0.9736842105263158,0.0,0.95,0.11141582493197524
BasicMotions,1,noise,0.2,0.05,fast_cp_mixed_random_fingerprint,26,14,140,40,6,100,4,0.975,1.05,0.95,0.9736842105263158,0.0,0.95,0.11141582493197524
BasicMotions,1,noise,0.2,0.05,fast_cp_mixed,26,14,140,40,6,100,4,0.975,1.05,0.95,0.9736842105263158,0.0,0.95,0.11141582493197524
BasicMotions,1,drift,0.1,0.05,clean_split_cp,26,14,140,40,6,100,4,0.975,1.05,0.95,0.9736842105263158,0.0,0.95,0.09680582302124008
BasicMotions,1,drift,0.1,0.05,aug_split_cp,26,14,140,40,6,100,4,0.975,1.05,0.95,0.9736842105263158,0.0,0.95,0.09680582302124008
BasicMotions,1,drift,0.1,0.05,fast_cp_mixed_input_only,26,14,140,40,6,100,4,0.975,1.05,0.95,0.9736842105263158,0.0,0.95,0.09680582302124008
BasicMotions,1,drift,0.1,0.05,fast_cp_mixed_confidence_only,26,14,140,40,6,100,4,0.975,1.075,0.95,0.9736842105263158,0.0,0.95,0.09680582302124008
BasicMotions,1,drift,0.1,0.05,fast_cp_mixed_random_fingerprint,26,14,140,40,6,100,4,0.975,1.05,0.95,0.9736842105263158,0.0,0.95,0.09680582302124008
BasicMotions,1,drift,0.1,0.05,fast_cp_mixed,26,14,140,40,6,100,4,0.975,1.05,0.95,0.9736842105263158,0.0,0.95,0.09680582302124008
BasicMotions,1,drift,0.2,0.05,clean_split_cp,26,14,140,40,6,100,4,0.975,1.05,0.95,0.9736842105263158,0.0,0.975,0.0807680557690391
BasicMotions,1,drift,0.2,0.05,aug_split_cp,26,14,140,40,6,100,4,0.975,1.05,0.95,0.9736842105263158,0.0,0.975,0.0807680557690391
BasicMotions,1,drift,0.2,0.05,fast_cp_mixed_input_only,26,14,140,40,6,100,4,0.975,1.05,0.95,0.9736842105263158,0.0,0.975,0.0807680557690391
BasicMotions,1,drift,0.2,0.05,fast_cp_mixed_confidence_only,26,14,140,40,6,100,4,0.975,1.05,0.95,0.9736842105263158,0.0,0.975,0.0807680557690391
BasicMotions,1,drift,0.2,0.05,fast_cp_mixed_random_fingerprint,26,14,140,40,6,100,4,0.975,1.05,0.95,0.9736842105263158,0.0,0.975,0.0807680557690391
BasicMotions,1,drift,0.2,0.05,fast_cp_mixed,26,14,140,40,6,100,4,0.975,1.05,0.95,0.9736842105263158,0.0,0.975,0.0807680557690391
BasicMotions,1,drift,0.4,0.05,clean_split_cp,26,14,140,40,6,100,4,0.975,1.075,0.925,1.0,0.0,0.95,0.07670194536239436
BasicMotions,1,drift,0.4,0.05,aug_split_cp,26,14,140,40,6,100,4,0.975,1.075,0.925,1.0,0.0,0.95,0.07670194536239436
BasicMotions,1,drift,0.4,0.05,fast_cp_mixed_input_only,26,14,140,40,6,100,4,0.975,1.075,0.925,1.0,0.0,0.95,0.07670194536239436
BasicMotions,1,drift,0.4,0.05,fast_cp_mixed_confidence_only,26,14,140,40,6,100,4,0.975,1.075,0.925,1.0,0.0,0.95,0.07670194536239436
BasicMotions,1,drift,0.4,0.05,fast_cp_mixed_random_fingerprint,26,14,140,40,6,100,4,0.975,1.075,0.925,1.0,0.0,0.95,0.07670194536239436
BasicMotions,1,drift,0.4,0.05,fast_cp_mixed,26,14,140,40,6,100,4,0.975,1.075,0.925,1.0,0.0,0.95,0.07670194536239436
BasicMotions,2,gap,0.05,0.05,clean_split_cp,26,14,140,40,6,100,4,1.0,1.025,0.975,1.0,0.0,0.975,0.10800479512814924
BasicMotions,2,gap,0.05,0.05,aug_split_cp,26,14,140,40,6,100,4,1.0,1.05,0.95,1.0,0.0,0.975,0.10800479512814924
BasicMotions,2,gap,0.05,0.05,fast_cp_mixed_input_only,26,14,140,40,6,100,4,1.0,1.05,0.95,1.0,0.0,0.975,0.10800479512814924
BasicMotions,2,gap,0.05,0.05,fast_cp_mixed_confidence_only,26,14,140,40,6,100,4,1.0,1.05,0.95,1.0,0.0,0.975,0.10800479512814924
BasicMotions,2,gap,0.05,0.05,fast_cp_mixed_random_fingerprint,26,14,140,40,6,100,4,1.0,1.05,0.95,1.0,0.0,0.975,0.10800479512814924
BasicMotions,2,gap,0.05,0.05,fast_cp_mixed,26,14,140,40,6,100,4,1.0,1.05,0.95,1.0,0.0,0.975,0.10800479512814924
BasicMotions,2,gap,0.1,0.05,clean_split_cp,26,14,140,40,6,100,4,0.975,1.0,1.0,0.975,0.0,0.975,0.11851764111984463
BasicMotions,2,gap,0.1,0.05,aug_split_cp,26,14,140,40,6,100,4,0.975,1.025,0.975,0.9743589743589743,0.0,0.975,0.11851764111984463
BasicMotions,2,gap,0.1,0.05,fast_cp_mixed_input_only,26,14,140,40,6,100,4,0.975,1.025,0.975,0.9743589743589743,0.0,0.975,0.11851764111984463
BasicMotions,2,gap,0.1,0.05,fast_cp_mixed_confidence_only,26,14,140,40,6,100,4,1.0,1.05,0.95,1.0,0.0,0.975,0.11851764111984463
BasicMotions,2,gap,0.1,0.05,fast_cp_mixed_random_fingerprint,26,14,140,40,6,100,4,0.975,1.0,1.0,0.975,0.0,0.975,0.11851764111984463
BasicMotions,2,gap,0.1,0.05,fast_cp_mixed,26,14,140,40,6,100,4,1.0,1.05,0.95,1.0,0.0,0.975,0.11851764111984463
BasicMotions,2,gap,0.2,0.05,clean_split_cp,26,14,140,40,6,100,4,0.975,1.025,0.975,0.9743589743589743,0.0,0.975,0.11934410411151408
BasicMotions,2,gap,0.2,0.05,aug_split_cp,26,14,140,40,6,100,4,0.975,1.025,0.975,0.9743589743589743,0.0,0.975,0.11934410411151408
BasicMotions,2,gap,0.2,0.05,fast_cp_mixed_input_only,26,14,140,40,6,100,4,0.975,1.025,0.975,0.9743589743589743,0.0,0.975,0.11934410411151408
BasicMotions,2,gap,0.2,0.05,fast_cp_mixed_confidence_only,26,14,140,40,6,100,4,0.975,1.05,0.95,0.9736842105263158,0.0,0.975,0.11934410411151408
BasicMotions,2,gap,0.2,0.05,fast_cp_mixed_random_fingerprint,26,14,140,40,6,100,4,0.975,1.025,0.975,0.9743589743589743,0.0,0.975,0.11934410411151408
BasicMotions,2,gap,0.2,0.05,fast_cp_mixed,26,14,140,40,6,100,4,0.975,1.025,0.975,0.9743589743589743,0.0,0.975,0.11934410411151408
BasicMotions,2,noise,0.05,0.05,clean_split_cp,26,14,140,40,6,100,4,1.0,1.05,0.95,1.0,0.0,1.0,0.10193909680404006
BasicMotions,2,noise,0.05,0.05,aug_split_cp,26,14,140,40,6,100,4,1.0,1.05,0.95,1.0,0.0,1.0,0.10193909680404006
BasicMotions,2,noise,0.05,0.05,fast_cp_mixed_input_only,26,14,140,40,6,100,4,1.0,1.05,0.95,1.0,0.0,1.0,0.10193909680404006
BasicMotions,2,noise,0.05,0.05,fast_cp_mixed_confidence_only,26,14,140,40,6,100,4,1.0,1.05,0.95,1.0,0.0,1.0,0.10193909680404006
BasicMotions,2,noise,0.05,0.05,fast_cp_mixed_random_fingerprint,26,14,140,40,6,100,4,1.0,1.05,0.95,1.0,0.0,1.0,0.10193909680404006
BasicMotions,2,noise,0.05,0.05,fast_cp_mixed,26,14,140,40,6,100,4,1.0,1.05,0.95,1.0,0.0,1.0,0.10193909680404006
BasicMotions,2,noise,0.1,0.05,clean_split_cp,26,14,140,40,6,100,4,1.0,1.025,0.975,1.0,0.0,1.0,0.10044783550131339
BasicMotions,2,noise,0.1,0.05,aug_split_cp,26,14,140,40,6,100,4,1.0,1.05,0.95,1.0,0.0,1.0,0.10044783550131339
BasicMotions,2,noise,0.1,0.05,fast_cp_mixed_input_only,26,14,140,40,6,100,4,1.0,1.05,0.95,1.0,0.0,1.0,0.10044783550131339
BasicMotions,2,noise,0.1,0.05,fast_cp_mixed_confidence_only,26,14,140,40,6,100,4,1.0,1.05,0.95,1.0,0.0,1.0,0.10044783550131339
BasicMotions,2,noise,0.1,0.05,fast_cp_mixed_random_fingerprint,26,14,140,40,6,100,4,1.0,1.05,0.95,1.0,0.0,1.0,0.10044783550131339
BasicMotions,2,noise,0.1,0.05,fast_cp_mixed,26,14,140,40,6,100,4,1.0,1.05,0.95,1.0,0.0,1.0,0.10044783550131339
BasicMotions,2,noise,0.2,0.05,clean_split_cp,26,14,140,40,6,100,4,1.0,1.025,0.975,1.0,0.0,0.975,0.10887972153292452
BasicMotions,2,noise,0.2,0.05,aug_split_cp,26,14,140,40,6,100,4,1.0,1.025,0.975,1.0,0.0,0.975,0.10887972153292452
BasicMotions,2,noise,0.2,0.05,fast_cp_mixed_input_only,26,14,140,40,6,100,4,1.0,1.025,0.975,1.0,0.0,0.975,0.10887972153292452
BasicMotions,2,noise,0.2,0.05,fast_cp_mixed_confidence_only,26,14,140,40,6,100,4,1.0,1.05,0.95,1.0,0.0,0.975,0.10887972153292452
BasicMotions,2,noise,0.2,0.05,fast_cp_mixed_random_fingerprint,26,14,140,40,6,100,4,1.0,1.025,0.975,1.0,0.0,0.975,0.10887972153292452
BasicMotions,2,noise,0.2,0.05,fast_cp_mixed,26,14,140,40,6,100,4,1.0,1.025,0.975,1.0,0.0,0.975,0.10887972153292452
BasicMotions,2,drift,0.1,0.05,clean_split_cp,26,14,140,40,6,100,4,1.0,1.025,0.975,1.0,0.0,1.0,0.09385697959183671
BasicMotions,2,drift,0.1,0.05,aug_split_cp,26,14,140,40,6,100,4,1.0,1.025,0.975,1.0,0.0,1.0,0.09385697959183671
BasicMotions,2,drift,0.1,0.05,fast_cp_mixed_input_only,26,14,140,40,6,100,4,1.0,1.025,0.975,1.0,0.0,1.0,0.09385697959183671
BasicMotions,2,drift,0.1,0.05,fast_cp_mixed_confidence_only,26,14,140,40,6,100,4,1.0,1.05,0.95,1.0,0.0,1.0,0.09385697959183671
BasicMotions,2,drift,0.1,0.05,fast_cp_mixed_random_fingerprint,26,14,140,40,6,100,4,1.0,1.025,0.975,1.0,0.0,1.0,0.09385697959183671
BasicMotions,2,drift,0.1,0.05,fast_cp_mixed,26,14,140,40,6,100,4,1.0,1.025,0.975,1.0,0.0,1.0,0.09385697959183671
BasicMotions,2,drift,0.2,0.05,clean_split_cp,26,14,140,40,6,100,4,0.975,1.0,1.0,0.975,0.0,0.975,0.08932817854710004
BasicMotions,2,drift,0.2,0.05,aug_split_cp,26,14,140,40,6,100,4,1.0,1.025,0.975,1.0,0.0,0.975,0.08932817854710004
BasicMotions,2,drift,0.2,0.05,fast_cp_mixed_input_only,26,14,140,40,6,100,4,1.0,1.025,0.975,1.0,0.0,0.975,0.08932817854710004
BasicMotions,2,drift,0.2,0.05,fast_cp_mixed_confidence_only,26,14,140,40,6,100,4,1.0,1.05,0.95,1.0,0.0,0.975,0.08932817854710004
BasicMotions,2,drift,0.2,0.05,fast_cp_mixed_random_fingerprint,26,14,140,40,6,100,4,0.975,1.0,1.0,0.975,0.0,0.975,0.08932817854710004
BasicMotions,2,drift,0.2,0.05,fast_cp_mixed,26,14,140,40,6,100,4,1.0,1.025,0.975,1.0,0.0,0.975,0.08932817854710004
BasicMotions,2,drift,0.4,0.05,clean_split_cp,26,14,140,40,6,100,4,1.0,1.025,0.975,1.0,0.0,1.0,0.09053225497471895
BasicMotions,2,drift,0.4,0.05,aug_split_cp,26,14,140,40,6,100,4,1.0,1.05,0.95,1.0,0.0,1.0,0.09053225497471895
BasicMotions,2,drift,0.4,0.05,fast_cp_mixed_input_only,26,14,140,40,6,100,4,1.0,1.05,0.95,1.0,0.0,1.0,0.09053225497471895
BasicMotions,2,drift,0.4,0.05,fast_cp_mixed_confidence_only,26,14,140,40,6,100,4,1.0,1.05,0.95,1.0,0.0,1.0,0.09053225497471895
BasicMotions,2,drift,0.4,0.05,fast_cp_mixed_random_fingerprint,26,14,140,40,6,100,4,1.0,1.025,0.975,1.0,0.0,1.0,0.09053225497471895
BasicMotions,2,drift,0.4,0.05,fast_cp_mixed,26,14,140,40,6,100,4,1.0,1.05,0.95,1.0,0.0,1.0,0.09053225497471895
Epilepsy,0,gap,0.05,0.05,clean_split_cp,89,48,480,138,3,206,4,0.927536231884058,1.4927536231884058,0.6014492753623188,0.9518072289156626,0.0,0.855072463768116,0.03694716612619197
Epilepsy,0,gap,0.05,0.05,aug_split_cp,89,48,480,138,3,206,4,0.9130434782608695,1.3695652173913044,0.6811594202898551,0.9468085106382979,0.0,0.855072463768116,0.03694716612619197
Epilepsy,0,gap,0.05,0.05,fast_cp_mixed_input_only,89,48,480,138,3,206,4,0.9130434782608695,1.3695652173913044,0.6811594202898551,0.9468085106382979,0.0,0.855072463768116,0.03694716612619197
Epilepsy,0,gap,0.05,0.05,fast_cp_mixed_confidence_only,89,48,480,138,3,206,4,0.9130434782608695,1.3840579710144927,0.6666666666666666,0.9456521739130435,0.0,0.855072463768116,0.03694716612619197
Epilepsy,0,gap,0.05,0.05,fast_cp_mixed_random_fingerprint,89,48,480,138,3,206,4,0.9130434782608695,1.3695652173913044,0.6811594202898551,0.9468085106382979,0.0,0.855072463768116,0.03694716612619197
Epilepsy,0,gap,0.05,0.05,fast_cp_mixed,89,48,480,138,3,206,4,0.9130434782608695,1.3695652173913044,0.6811594202898551,0.9468085106382979,0.0,0.855072463768116,0.03694716612619197
Epilepsy,0,gap,0.1,0.05,clean_split_cp,89,48,480,138,3,206,4,0.9130434782608695,1.5724637681159421,0.5434782608695652,0.9466666666666667,0.0,0.8188405797101449,0.06643120610353358
Epilepsy,0,gap,0.1,0.05,aug_split_cp,89,48,480,138,3,206,4,0.9057971014492754,1.4057971014492754,0.6376811594202898,0.9318181818181818,0.0,0.8188405797101449,0.06643120610353358
Epilepsy,0,gap,0.1,0.05,fast_cp_mixed_input_only,89,48,480,138,3,206,4,0.9057971014492754,1.3840579710144927,0.6594202898550725,0.9340659340659341,0.0,0.8188405797101449,0.06643120610353358
Epilepsy,0,gap,0.1,0.05,fast_cp_mixed_confidence_only,89,48,480,138,3,206,4,0.9130434782608695,1.434782608695652,0.6231884057971014,0.9418604651162791,0.0,0.8188405797101449,0.06643120610353358
Epilepsy,0,gap,0.1,0.05,fast_cp_mixed_random_fingerprint,89,48,480,138,3,206,4,0.9057971014492754,1.3985507246376812,0.644927536231884,0.9325842696629213,0.0,0.8188405797101449,0.06643120610353358
Epilepsy,0,gap,0.1,0.05,fast_cp_mixed,89,48,480,138,3,206,4,0.9057971014492754,1.391304347826087,0.6521739130434783,0.9333333333333333,0.0,0.8188405797101449,0.06643120610353358
Epilepsy,0,gap,0.2,0.05,clean_split_cp,89,48,480,138,3,206,4,0.8985507246376812,1.4782608695652173,0.6231884057971014,0.872093023255814,0.0,0.7753623188405797,0.08725090644376624
Epilepsy,0,gap,0.2,0.05,aug_split_cp,89,48,480,138,3,206,4,0.8840579710144928,1.3043478260869565,0.7246376811594203,0.87,0.0,0.7753623188405797,0.08725090644376624
Epilepsy,0,gap,0.2,0.05,fast_cp_mixed_input_only,89,48,480,138,3,206,4,0.8840579710144928,1.2971014492753623,0.7318840579710145,0.8712871287128713,0.0,0.7753623188405797,0.08725090644376624
Epilepsy,0,gap,0.2,0.05,fast_cp_mixed_confidence_only,89,48,480,138,3,206,4,0.8913043478260869,1.3478260869565217,0.6884057971014492,0.8736842105263158,0.0,0.7753623188405797,0.08725090644376624
Epilepsy,0,gap,0.2,0.05,fast_cp_mixed_random_fingerprint,89,48,480,138,3,206,4,0.8840579710144928,1.3043478260869565,0.7246376811594203,0.87,0.0,0.7753623188405797,0.08725090644376624
Epilepsy,0,gap,0.2,0.05,fast_cp_mixed,89,48,480,138,3,206,4,0.8840579710144928,1.2971014492753623,0.7318840579710145,0.8712871287128713,0.0,0.7753623188405797,0.08725090644376624
Epilepsy,0,noise,0.05,0.05,clean_split_cp,89,48,480,138,3,206,4,0.9492753623188406,1.4927536231884058,0.6159420289855072,0.9647058823529412,0.0,0.855072463768116,0.05466223273429836
Epilepsy,0,noise,0.05,0.05,aug_split_cp,89,48,480,138,3,206,4,0.927536231884058,1.3768115942028984,0.6739130434782609,0.956989247311828,0.0,0.855072463768116,0.05466223273429836
Epilepsy,0,noise,0.05,0.05,fast_cp_mixed_input_only,89,48,480,138,3,206,4,0.927536231884058,1.3768115942028984,0.6811594202898551,0.9574468085106383,0.0,0.855072463768116,0.05466223273429836
Epilepsy,0,noise,0.05,0.05,fast_cp_mixed_confidence_only,89,48,480,138,3,206,4,0.9347826086956522,1.3985507246376812,0.6666666666666666,0.9565217391304348,0.0,0.855072463768116,0.05466223273429836
Epilepsy,0,noise,0.05,0.05,fast_cp_mixed_random_fingerprint,89,48,480,138,3,206,4,0.927536231884058,1.3768115942028984,0.6739130434782609,0.956989247311828,0.0,0.855072463768116,0.05466223273429836
Epilepsy,0,noise,0.05,0.05,fast_cp_mixed,89,48,480,138,3,206,4,0.927536231884058,1.3768115942028984,0.6811594202898551,0.9574468085106383,0.0,0.855072463768116,0.05466223273429836
Epilepsy,0,noise,0.1,0.05,clean_split_cp,89,48,480,138,3,206,4,0.9347826086956522,1.4565217391304348,0.6376811594202898,0.9659090909090909,0.0,0.8695652173913043,0.0351603759984556
Epilepsy,0,noise,0.1,0.05,aug_split_cp,89,48,480,138,3,206,4,0.927536231884058,1.3478260869565217,0.6811594202898551,0.9574468085106383,0.0,0.8695652173913043,0.0351603759984556
Epilepsy,0,noise,0.1,0.05,fast_cp_mixed_input_only,89,48,480,138,3,206,4,0.927536231884058,1.3405797101449275,0.6884057971014492,0.9473684210526315,0.0,0.8695652173913043,0.0351603759984556
Epilepsy,0,noise,0.1,0.05,fast_cp_mixed_confidence_only,89,48,480,138,3,206,4,0.927536231884058,1.3840579710144927,0.6739130434782609,0.956989247311828,0.0,0.8695652173913043,0.0351603759984556
Epilepsy,0,noise,0.1,0.05,fast_cp_mixed_random_fingerprint,89,48,480,138,3,206,4,0.927536231884058,1.3405797101449275,0.6884057971014492,0.9473684210526315,0.0,0.8695652173913043,0.0351603759984556
Epilepsy,0,noise,0.1,0.05,fast_cp_mixed,89,48,480,138,3,206,4,0.927536231884058,1.3405797101449275,0.6884057971014492,0.9473684210526315,0.0,0.8695652173913043,0.0351603759984556
Epilepsy,0,noise,0.2,0.05,clean_split_cp,89,48,480,138,3,206,4,0.9565217391304348,1.608695652173913,0.5579710144927537,0.974025974025974,0.0,0.8623188405797102,0.08769132557864757
Epilepsy,0,noise,0.2,0.05,aug_split_cp,89,48,480,138,3,206,4,0.9492753623188406,1.4130434782608696,0.644927536231884,0.9662921348314607,0.0,0.8623188405797102,0.08769132557864757
Epilepsy,0,noise,0.2,0.05,fast_cp_mixed_input_only,89,48,480,138,3,206,4,0.9492753623188406,1.3768115942028984,0.6666666666666666,0.967391304347826,0.0,0.8623188405797102,0.08769132557864757
Epilepsy,0,noise,0.2,0.05,fast_cp_mixed_confidence_only,89,48,480,138,3,206,4,0.9492753623188406,1.463768115942029,0.6304347826086957,0.9655172413793104,0.0,0.8623188405797102,0.08769132557864757
Epilepsy,0,noise,0.2,0.05,fast_cp_mixed_random_fingerprint,89,48,480,138,3,206,4,0.9492753623188406,1.391304347826087,0.6521739130434783,0.9666666666666667,0.0,0.8623188405797102,0.08769132557864757
Epilepsy,0,noise,0.2,0.05,fast_cp_mixed,89,48,480,138,3,206,4,0.9492753623188406,1.3985507246376812,0.6666666666666666,0.967391304347826,0.0,0.8623188405797102,0.08769132557864757
Epilepsy,0,drift,0.1,0.05,clean_split_cp,89,48,480,138,3,206,4,0.9492753623188406,1.4782608695652173,0.6376811594202898,0.9772727272727273,0.0,0.8768115942028986,0.0838532009717739
Epilepsy,0,drift,0.1,0.05,aug_split_cp,89,48,480,138,3,206,4,0.927536231884058,1.3478260869565217,0.6956521739130435,0.9583333333333334,0.0,0.8768115942028986,0.0838532009717739
Epilepsy,0,drift,0.1,0.05,fast_cp_mixed_input_only,89,48,480,138,3,206,4,0.9130434782608695,1.326086956521739,0.717391304347826,0.9393939393939394,0.0,0.8768115942028986,0.0838532009717739
Epilepsy,0,drift,0.1,0.05,fast_cp_mixed_confidence_only,89,48,480,138,3,206,4,0.9420289855072463,1.3695652173913044,0.6811594202898551,0.9680851063829787,0.0,0.8768115942028986,0.0838532009717739
Epilepsy,0,drift,0.1,0.05,fast_cp_mixed_random_fingerprint,89,48,480,138,3,206,4,0.927536231884058,1.3478260869565217,0.6956521739130435,0.9583333333333334,0.0,0.8768115942028986,0.0838532009717739
Epilepsy,0,drift,0.1,0.05,fast_cp_mixed,89,48,480,138,3,206,4,0.927536231884058,1.3478260869565217,0.7028985507246377,0.9484536082474226,0.0,0.8768115942028986,0.0838532009717739
Epilepsy,0,drift,0.2,0.05,clean_split_cp,89,48,480,138,3,206,4,0.9492753623188406,1.5144927536231885,0.6231884057971014,0.9534883720930233,0.0,0.8623188405797102,0.04911185555836343
Epilepsy,0,drift,0.2,0.05,aug_split_cp,89,48,480,138,3,206,4,0.9202898550724637,1.3623188405797102,0.7028985507246377,0.9381443298969072,0.0,0.8623188405797102,0.04911185555836343
Epilepsy,0,drift,0.2,0.05,fast_cp_mixed_input_only,89,48,480,138,3,206,4,0.9202898550724637,1.3405797101449275,0.717391304347826,0.9292929292929293,0.0,0.8623188405797102,0.04911185555836343
Epilepsy,0,drift,0.2,0.05,fast_cp_mixed_confidence_only,89,48,480,138,3,206,4,0.927536231884058,1.3840579710144927,0.6884057971014492,0.9473684210526315,0.0,0.8623188405797102,0.04911185555836343
Epilepsy,0,drift,0.2,0.05,fast_cp_mixed_random_fingerprint,89,48,480,138,3,206,4,0.9202898550724637,1.355072463768116,0.7101449275362319,0.9387755102040817,0.0,0.8623188405797102,0.04911185555836343
Epilepsy,0,drift,0.2,0.05,fast_cp_mixed,89,48,480,138,3,206,4,0.9202898550724637,1.355072463768116,0.7101449275362319,0.9387755102040817,0.0,0.8623188405797102,0.04911185555836343
Epilepsy,0,drift,0.4,0.05,clean_split_cp,89,48,480,138,3,206,4,0.9347826086956522,1.4855072463768115,0.6159420289855072,0.9411764705882353,0.0,0.8478260869565217,0.056759827246809016
Epilepsy,0,drift,0.4,0.05,aug_split_cp,89,48,480,138,3,206,4,0.927536231884058,1.3333333333333333,0.7101449275362319,0.9387755102040817,0.0,0.8478260869565217,0.056759827246809016
Epilepsy,0,drift,0.4,0.05,fast_cp_mixed_input_only,89,48,480,138,3,206,4,0.927536231884058,1.3333333333333333,0.7101449275362319,0.9387755102040817,0.0,0.8478260869565217,0.056759827246809016
Epilepsy,0,drift,0.4,0.05,fast_cp_mixed_confidence_only,89,48,480,138,3,206,4,0.9347826086956522,1.3623188405797102,0.6884057971014492,0.9473684210526315,0.0,0.8478260869565217,0.056759827246809016
Epilepsy,0,drift,0.4,0.05,fast_cp_mixed_random_fingerprint,89,48,480,138,3,206,4,0.9202898550724637,1.326086956521739,0.7101449275362319,0.9387755102040817,0.0,0.8478260869565217,0.056759827246809016
Epilepsy,0,drift,0.4,0.05,fast_cp_mixed,89,48,480,138,3,206,4,0.927536231884058,1.3333333333333333,0.7101449275362319,0.9387755102040817,0.0,0.8478260869565217,0.056759827246809016
Epilepsy,1,gap,0.05,0.05,clean_split_cp,89,48,480,138,3,206,4,0.9927536231884058,3.2318840579710146,0.036231884057971016,0.8,0.0,0.8840579710144928,0.09268008601457295
Epilepsy,1,gap,0.05,0.05,aug_split_cp,89,48,480,138,3,206,4,0.9637681159420289,1.9275362318840579,0.4057971014492754,0.9285714285714286,0.0,0.8840579710144928,0.09268008601457295
Epilepsy,1,gap,0.05,0.05,fast_cp_mixed_input_only,89,48,480,138,3,206,4,0.9565217391304348,1.826086956521739,0.43478260869565216,0.9166666666666666,0.0,0.8840579710144928,0.09268008601457295
Epilepsy,1,gap,0.05,0.05,fast_cp_mixed_confidence_only,89,48,480,138,3,206,4,0.9637681159420289,1.9130434782608696,0.41304347826086957,0.9298245614035088,0.0,0.8840579710144928,0.09268008601457295
Epilepsy,1,gap,0.05,0.05,fast_cp_mixed_random_fingerprint,89,48,480,138,3,206,4,0.9637681159420289,1.9202898550724639,0.41304347826086957,0.9298245614035088,0.0,0.8840579710144928,0.09268008601457295
Epilepsy,1,gap,0.05,0.05,fast_cp_mixed,89,48,480,138,3,206,4,0.9565217391304348,1.855072463768116,0.427536231884058,0.9152542372881356,0.0,0.8840579710144928,0.09268008601457295
Epilepsy,1,gap,0.1,0.05,clean_split_cp,89,48,480,138,3,206,4,0.9855072463768116,3.2028985507246377,0.050724637681159424,1.0,0.0,0.855072463768116,0.05666922364575279
Epilepsy,1,gap,0.1,0.05,aug_split_cp,89,48,480,138,3,206,4,0.9710144927536232,2.028985507246377,0.3333333333333333,0.9347826086956522,0.0,0.855072463768116,0.05666922364575279
Epilepsy,1,gap,0.1,0.05,fast_cp_mixed_input_only,89,48,480,138,3,206,4,0.9710144927536232,1.8695652173913044,0.41304347826086957,0.9473684210526315,0.0,0.855072463768116,0.05666922364575279
Epilepsy,1,gap,0.1,0.05,fast_cp_mixed_confidence_only,89,48,480,138,3,206,4,0.9710144927536232,2.0217391304347827,0.3333333333333333,0.9347826086956522,0.0,0.855072463768116,0.05666922364575279
Epilepsy,1,gap,0.1,0.05,fast_cp_mixed_random_fingerprint,89,48,480,138,3,206,4,0.9710144927536232,1.9927536231884058,0.34057971014492755,0.9361702127659575,0.0,0.855072463768116,0.05666922364575279
Epilepsy,1,gap,0.1,0.05,fast_cp_mixed,89,48,480,138,3,206,4,0.9710144927536232,1.8840579710144927,0.4057971014492754,0.9464285714285714,0.0,0.855072463768116,0.05666922364575279
Epilepsy,1,gap,0.2,0.05,clean_split_cp,89,48,480,138,3,206,4,0.9927536231884058,3.101449275362319,0.050724637681159424,1.0,0.0,0.8623188405797102,0.043844114357302275
Epilepsy,1,gap,0.2,0.05,aug_split_cp,89,48,480,138,3,206,4,0.9710144927536232,1.9492753623188406,0.37681159420289856,0.9423076923076923,0.0,0.8623188405797102,0.043844114357302275
Epilepsy,1,gap,0.2,0.05,fast_cp_mixed_input_only,89,48,480,138,3,206,4,0.9710144927536232,1.826086956521739,0.4420289855072464,0.9508196721311475,0.0,0.8623188405797102,0.043844114357302275
Epilepsy,1,gap,0.2,0.05,fast_cp_mixed_confidence_only,89,48,480,138,3,206,4,0.9710144927536232,1.9420289855072463,0.37681159420289856,0.9423076923076923,0.0,0.8623188405797102,0.043844114357302275
Epilepsy,1,gap,0.2,0.05,fast_cp_mixed_random_fingerprint,89,48,480,138,3,206,4,0.9637681159420289,1.9057971014492754,0.38405797101449274,0.9433962264150944,0.0,0.8623188405797102,0.043844114357302275
Epilepsy,1,gap,0.2,0.05,fast_cp_mixed,89,48,480,138,3,206,4,0.9710144927536232,1.8405797101449275,0.427536231884058,0.9491525423728814,0.0,0.8623188405797102,0.043844114357302275
Epilepsy,1,noise,0.05,0.05,clean_split_cp,89,48,480,138,3,206,4,0.9927536231884058,3.0869565217391304,0.07246376811594203,0.9,0.0,0.8695652173913043,0.05299646458478252
Epilepsy,1,noise,0.05,0.05,aug_split_cp,89,48,480,138,3,206,4,0.9637681159420289,1.7753623188405796,0.4782608695652174,0.9393939393939394,0.0,0.8695652173913043,0.05299646458478252
Epilepsy,1,noise,0.05,0.05,fast_cp_mixed_input_only,89,48,480,138,3,206,4,0.9637681159420289,1.6666666666666667,0.5579710144927537,0.948051948051948,0.0,0.8695652173913043,0.05299646458478252
Epilepsy,1,noise,0.05,0.05,fast_cp_mixed_confidence_only,89,48,480,138,3,206,4,0.9637681159420289,1.7971014492753623,0.4782608695652174,0.9393939393939394,0.0,0.8695652173913043,0.05299646458478252
Epilepsy,1,noise,0.05,0.05,fast_cp_mixed_random_fingerprint,89,48,480,138,3,206,4,0.9637681159420289,1.7536231884057971,0.4927536231884058,0.9411764705882353,0.0,0.8695652173913043,0.05299646458478252
Epilepsy,1,noise,0.05,0.05,fast_cp_mixed,89,48,480,138,3,206,4,0.9637681159420289,1.6956521739130435,0.5362318840579711,0.9459459459459459,0.0,0.8695652173913043,0.05299646458478252
Epilepsy,1,noise,0.1,0.05,clean_split_cp,89,48,480,138,3,206,4,0.9927536231884058,3.181159420289855,0.043478260869565216,0.8333333333333334,0.0,0.8840579710144928,0.08113177949241075
Epilepsy,1,noise,0.1,0.05,aug_split_cp,89,48,480,138,3,206,4,0.9637681159420289,1.8333333333333333,0.4492753623188406,0.9354838709677419,0.0,0.8840579710144928,0.08113177949241075
Epilepsy,1,noise,0.1,0.05,fast_cp_mixed_input_only,89,48,480,138,3,206,4,0.9565217391304348,1.6956521739130435,0.5144927536231884,0.9295774647887324,0.0,0.8840579710144928,0.08113177949241075
Epilepsy,1,noise,0.1,0.05,fast_cp_mixed_confidence_only,89,48,480,138,3,206,4,0.9637681159420289,1.826086956521739,0.4492753623188406,0.9354838709677419,0.0,0.8840579710144928,0.08113177949241075
Epilepsy,1,noise,0.1,0.05,fast_cp_mixed_random_fingerprint,89,48,480,138,3,206,4,0.9637681159420289,1.826086956521739,0.45652173913043476,0.9365079365079365,0.0,0.8840579710144928,0.08113177949241075
Epilepsy,1,noise,0.1,0.05,fast_cp_mixed,89,48,480,138,3,206,4,0.9637681159420289,1.7536231884057971,0.4927536231884058,0.9411764705882353,0.0,0.8840579710144928,0.08113177949241075
Epilepsy,1,noise,0.2,0.05,clean_split_cp,89,48,480,138,3,206,4,0.9855072463768116,3.2753623188405796,0.043478260869565216,0.8333333333333334,0.0,0.8768115942028986,0.08804687837946425
Epilepsy,1,noise,0.2,0.05,aug_split_cp,89,48,480,138,3,206,4,0.9710144927536232,2.0,0.34057971014492755,0.9361702127659575,0.0,0.8768115942028986,0.08804687837946425
Epilepsy,1,noise,0.2,0.05,fast_cp_mixed_input_only,89,48,480,138,3,206,4,0.9637681159420289,1.8405797101449275,0.41304347826086957,0.9122807017543859,0.0,0.8768115942028986,0.08804687837946425
Epilepsy,1,noise,0.2,0.05,fast_cp_mixed_confidence_only,89,48,480,138,3,206,4,0.9710144927536232,1.9855072463768115,0.34057971014492755,0.9361702127659575,0.0,0.8768115942028986,0.08804687837946425
Epilepsy,1,noise,0.2,0.05,fast_cp_mixed_random_fingerprint,89,48,480,138,3,206,4,0.9710144927536232,1.9855072463768115,0.34782608695652173,0.9166666666666666,0.0,0.8768115942028986,0.08804687837946425
Epilepsy,1,noise,0.2,0.05,fast_cp_mixed,89,48,480,138,3,206,4,0.9637681159420289,1.9130434782608696,0.37681159420289856,0.9038461538461539,0.0,0.8768115942028986,0.08804687837946425
Epilepsy,1,drift,0.1,0.05,clean_split_cp,89,48,480,138,3,206,4,0.9927536231884058,3.050724637681159,0.06521739130434782,0.8888888888888888,0.0,0.8695652173913043,0.05002383331665783
Epilepsy,1,drift,0.1,0.05,aug_split_cp,89,48,480,138,3,206,4,0.9710144927536232,1.818840579710145,0.427536231884058,0.9491525423728814,0.0,0.8695652173913043,0.05002383331665783
Epilepsy,1,drift,0.1,0.05,fast_cp_mixed_input_only,89,48,480,138,3,206,4,0.9637681159420289,1.6884057971014492,0.4927536231884058,0.9411764705882353,0.0,0.8695652173913043,0.05002383331665783
Epilepsy,1,drift,0.1,0.05,fast_cp_mixed_confidence_only,89,48,480,138,3,206,4,0.9710144927536232,1.818840579710145,0.43478260869565216,0.95,0.0,0.8695652173913043,0.05002383331665783
Epilepsy,1,drift,0.1,0.05,fast_cp_mixed_random_fingerprint,89,48,480,138,3,206,4,0.9710144927536232,1.789855072463768,0.4420289855072464,0.9508196721311475,0.0,0.8695652173913043,0.05002383331665783
Epilepsy,1,drift,0.1,0.05,fast_cp_mixed,89,48,480,138,3,206,4,0.9710144927536232,1.7246376811594204,0.47101449275362317,0.9538461538461539,0.0,0.8695652173913043,0.05002383331665783
Epilepsy,1,drift,0.2,0.05,clean_split_cp,89,48,480,138,3,206,4,0.9927536231884058,3.0144927536231885,0.07246376811594203,1.0,0.0,0.8913043478260869,0.10611096332389136
Epilepsy,1,drift,0.2,0.05,aug_split_cp,89,48,480,138,3,206,4,0.9637681159420289,1.7391304347826086,0.4855072463768116,0.9253731343283582,0.0,0.8913043478260869,0.10611096332389136
Epilepsy,1,drift,0.2,0.05,fast_cp_mixed_input_only,89,48,480,138,3,206,4,0.9637681159420289,1.681159420289855,0.5289855072463768,0.9315068493150684,0.0,0.8913043478260869,0.10611096332389136
Epilepsy,1,drift,0.2,0.05,fast_cp_mixed_confidence_only,89,48,480,138,3,206,4,0.9637681159420289,1.7536231884057971,0.4855072463768116,0.9253731343283582,0.0,0.8913043478260869,0.10611096332389136
Epilepsy,1,drift,0.2,0.05,fast_cp_mixed_random_fingerprint,89,48,480,138,3,206,4,0.9637681159420289,1.7318840579710144,0.4927536231884058,0.9264705882352942,0.0,0.8913043478260869,0.10611096332389136
Epilepsy,1,drift,0.2,0.05,fast_cp_mixed,89,48,480,138,3,206,4,0.9637681159420289,1.6956521739130435,0.5144927536231884,0.9295774647887324,0.0,0.8913043478260869,0.10611096332389136
Epilepsy,1,drift,0.4,0.05,clean_split_cp,89,48,480,138,3,206,4,0.9855072463768116,3.028985507246377,0.07971014492753623,0.9090909090909091,0.0,0.855072463768116,0.08105318321724773
Epilepsy,1,drift,0.4,0.05,aug_split_cp,89,48,480,138,3,206,4,0.9565217391304348,1.9130434782608696,0.42028985507246375,0.9482758620689655,0.0,0.855072463768116,0.08105318321724773
Epilepsy,1,drift,0.4,0.05,fast_cp_mixed_input_only,89,48,480,138,3,206,4,0.9565217391304348,1.8768115942028984,0.43478260869565216,0.95,0.0,0.855072463768116,0.08105318321724773
Epilepsy,1,drift,0.4,0.05,fast_cp_mixed_confidence_only,89,48,480,138,3,206,4,0.9565217391304348,1.8985507246376812,0.42028985507246375,0.9482758620689655,0.0,0.855072463768116,0.08105318321724773
Epilepsy,1,drift,0.4,0.05,fast_cp_mixed_random_fingerprint,89,48,480,138,3,206,4,0.9565217391304348,1.9130434782608696,0.42028985507246375,0.9482758620689655,0.0,0.855072463768116,0.08105318321724773
Epilepsy,1,drift,0.4,0.05,fast_cp_mixed,89,48,480,138,3,206,4,0.9565217391304348,1.8840579710144927,0.427536231884058,0.9491525423728814,0.0,0.855072463768116,0.08105318321724773
Epilepsy,2,gap,0.05,0.05,clean_split_cp,89,48,480,138,3,206,4,1.0,3.9347826086956523,0.0,0.0,0.0,0.8478260869565217,0.09402221471553089
Epilepsy,2,gap,0.05,0.05,aug_split_cp,89,48,480,138,3,206,4,0.9637681159420289,2.260869565217391,0.26811594202898553,0.918918918918919,0.0,0.8478260869565217,0.09402221471553089
Epilepsy,2,gap,0.05,0.05,fast_cp_mixed_input_only,89,48,480,138,3,206,4,0.9637681159420289,2.079710144927536,0.34057971014492755,0.9361702127659575,0.0,0.8478260869565217,0.09402221471553089
Epilepsy,2,gap,0.05,0.05,fast_cp_mixed_confidence_only,89,48,480,138,3,206,4,0.9565217391304348,2.2318840579710146,0.21739130434782608,0.9,0.0,0.8478260869565217,0.09402221471553089
Epilepsy,2,gap,0.05,0.05,fast_cp_mixed_random_fingerprint,89,48,480,138,3,206,4,0.9637681159420289,2.1449275362318843,0.2898550724637681,0.925,0.0,0.8478260869565217,0.09402221471553089
Epilepsy,2,gap,0.05,0.05,fast_cp_mixed,89,48,480,138,3,206,4,0.9637681159420289,2.0942028985507246,0.3115942028985507,0.9302325581395349,0.0,0.8478260869565217,0.09402221471553089
Epilepsy,2,gap,0.1,0.05,clean_split_cp,89,48,480,138,3,206,4,1.0,3.9782608695652173,0.0,0.0,0.0,0.8260869565217391,0.07527229771528797
Epilepsy,2,gap,0.1,0.05,aug_split_cp,89,48,480,138,3,206,4,0.9637681159420289,2.3840579710144927,0.2246376811594203,0.9354838709677419,0.0,0.8260869565217391,0.07527229771528797
Epilepsy,2,gap,0.1,0.05,fast_cp_mixed_input_only,89,48,480,138,3,206,4,0.9710144927536232,2.1594202898550723,0.3115942028985507,0.9767441860465116,0.0,0.8260869565217391,0.07527229771528797
Epilepsy,2,gap,0.1,0.05,fast_cp_mixed_confidence_only,89,48,480,138,3,206,4,0.9637681159420289,2.2971014492753623,0.1956521739130435,0.9629629629629629,0.0,0.8260869565217391,0.07527229771528797
Epilepsy,2,gap,0.1,0.05,fast_cp_mixed_random_fingerprint,89,48,480,138,3,206,4,0.9637681159420289,2.3043478260869565,0.2391304347826087,0.9393939393939394,0.0,0.8260869565217391,0.07527229771528797
Epilepsy,2,gap,0.1,0.05,fast_cp_mixed,89,48,480,138,3,206,4,0.9710144927536232,2.1956521739130435,0.2826086956521739,0.9743589743589743,0.0,0.8260869565217391,0.07527229771528797
Epilepsy,2,gap,0.2,0.05,clean_split_cp,89,48,480,138,3,206,4,1.0,3.9130434782608696,0.0,0.0,0.0,0.7681159420289855,0.08016878797443441
Epilepsy,2,gap,0.2,0.05,aug_split_cp,89,48,480,138,3,206,4,0.9565217391304348,2.246376811594203,0.26811594202898553,0.9459459459459459,0.0,0.7681159420289855,0.08016878797443441
Epilepsy,2,gap,0.2,0.05,fast_cp_mixed_input_only,89,48,480,138,3,206,4,0.9492753623188406,2.108695652173913,0.3188405797101449,0.9545454545454546,0.0,0.7681159420289855,0.08016878797443441
Epilepsy,2,gap,0.2,0.05,fast_cp_mixed_confidence_only,89,48,480,138,3,206,4,0.9565217391304348,2.1231884057971016,0.2391304347826087,0.9696969696969697,0.0,0.7681159420289855,0.08016878797443441
Epilepsy,2,gap,0.2,0.05,fast_cp_mixed_random_fingerprint,89,48,480,138,3,206,4,0.9492753623188406,2.1594202898550723,0.3115942028985507,0.9302325581395349,0.0,0.7681159420289855,0.08016878797443441
Epilepsy,2,gap,0.2,0.05,fast_cp_mixed,89,48,480,138,3,206,4,0.9565217391304348,2.1231884057971016,0.30434782608695654,0.9761904761904762,0.0,0.7681159420289855,0.08016878797443441
Epilepsy,2,noise,0.05,0.05,clean_split_cp,89,48,480,138,3,206,4,1.0,3.963768115942029,0.0,0.0,0.0,0.8478260869565217,0.08454649487590897
Epilepsy,2,noise,0.05,0.05,aug_split_cp,89,48,480,138,3,206,4,0.9710144927536232,2.152173913043478,0.3115942028985507,0.9534883720930233,0.0,0.8478260869565217,0.08454649487590897
Epilepsy,2,noise,0.05,0.05,fast_cp_mixed_input_only,89,48,480,138,3,206,4,0.9710144927536232,1.9782608695652173,0.38405797101449274,0.9622641509433962,0.0,0.8478260869565217,0.08454649487590897
Epilepsy,2,noise,0.05,0.05,fast_cp_mixed_confidence_only,89,48,480,138,3,206,4,0.9637681159420289,2.1159420289855073,0.2536231884057971,0.9428571428571428,0.0,0.8478260869565217,0.08454649487590897
Epilepsy,2,noise,0.05,0.05,fast_cp_mixed_random_fingerprint,89,48,480,138,3,206,4,0.9637681159420289,2.0,0.35507246376811596,0.9591836734693877,0.0,0.8478260869565217,0.08454649487590897
Epilepsy,2,noise,0.05,0.05,fast_cp_mixed,89,48,480,138,3,206,4,0.9710144927536232,1.9927536231884058,0.37681159420289856,0.9615384615384616,0.0,0.8478260869565217,0.08454649487590897
Epilepsy,2,noise,0.1,0.05,clean_split_cp,89,48,480,138,3,206,4,1.0,3.971014492753623,0.0,0.0,0.0,0.8333333333333334,0.04928329971000495
Epilepsy,2,noise,0.1,0.05,aug_split_cp,89,48,480,138,3,206,4,0.9710144927536232,2.2028985507246377,0.26811594202898553,0.9459459459459459,0.0,0.8333333333333334,0.04928329971000495
Epilepsy,2,noise,0.1,0.05,fast_cp_mixed_input_only,89,48,480,138,3,206,4,0.9710144927536232,2.0,0.36231884057971014,0.96,0.0,0.8333333333333334,0.04928329971000495
Epilepsy,2,noise,0.1,0.05,fast_cp_mixed_confidence_only,89,48,480,138,3,206,4,0.9637681159420289,2.1739130434782608,0.2318840579710145,0.9375,0.0,0.8333333333333334,0.04928329971000495
Epilepsy,2,noise,0.1,0.05,fast_cp_mixed_random_fingerprint,89,48,480,138,3,206,4,0.9710144927536232,2.130434782608696,0.2898550724637681,0.95,0.0,0.8333333333333334,0.04928329971000495
Epilepsy,2,noise,0.1,0.05,fast_cp_mixed,89,48,480,138,3,206,4,0.9710144927536232,2.028985507246377,0.32608695652173914,0.9555555555555556,0.0,0.8333333333333334,0.04928329971000495
Epilepsy,2,noise,0.2,0.05,clean_split_cp,89,48,480,138,3,206,4,1.0,3.963768115942029,0.0,0.0,0.0,0.8478260869565217,0.0688027047181665
Epilepsy,2,noise,0.2,0.05,aug_split_cp,89,48,480,138,3,206,4,0.9710144927536232,2.4057971014492754,0.21739130434782608,0.9333333333333333,0.0,0.8478260869565217,0.0688027047181665
Epilepsy,2,noise,0.2,0.05,fast_cp_mixed_input_only,89,48,480,138,3,206,4,0.9710144927536232,2.1956521739130435,0.2971014492753623,0.9512195121951219,0.0,0.8478260869565217,0.0688027047181665
Epilepsy,2,noise,0.2,0.05,fast_cp_mixed_confidence_only,89,48,480,138,3,206,4,0.9637681159420289,2.2753623188405796,0.1956521739130435,0.9259259259259259,0.0,0.8478260869565217,0.0688027047181665
Epilepsy,2,noise,0.2,0.05,fast_cp_mixed_random_fingerprint,89,48,480,138,3,206,4,0.9710144927536232,2.210144927536232,0.2898550724637681,0.95,0.0,0.8478260869565217,0.0688027047181665
Epilepsy,2,noise,0.2,0.05,fast_cp_mixed,89,48,480,138,3,206,4,0.9710144927536232,2.210144927536232,0.26811594202898553,0.9459459459459459,0.0,0.8478260869565217,0.0688027047181665
Epilepsy,2,drift,0.1,0.05,clean_split_cp,89,48,480,138,3,206,4,1.0,3.9782608695652173,0.0,0.0,0.0,0.8478260869565217,0.062223659158994256
Epilepsy,2,drift,0.1,0.05,aug_split_cp,89,48,480,138,3,206,4,0.9637681159420289,2.101449275362319,0.3188405797101449,0.9318181818181818,0.0,0.8478260869565217,0.062223659158994256
Epilepsy,2,drift,0.1,0.05,fast_cp_mixed_input_only,89,48,480,138,3,206,4,0.9710144927536232,1.9565217391304348,0.4057971014492754,0.9642857142857143,0.0,0.8478260869565217,0.062223659158994256
Epilepsy,2,drift,0.1,0.05,fast_cp_mixed_confidence_only,89,48,480,138,3,206,4,0.9637681159420289,2.108695652173913,0.2463768115942029,0.9411764705882353,0.0,0.8478260869565217,0.062223659158994256
Epilepsy,2,drift,0.1,0.05,fast_cp_mixed_random_fingerprint,89,48,480,138,3,206,4,0.9637681159420289,2.036231884057971,0.36231884057971014,0.94,0.0,0.8478260869565217,0.062223659158994256
Epilepsy,2,drift,0.1,0.05,fast_cp_mixed,89,48,480,138,3,206,4,0.9710144927536232,1.9782608695652173,0.38405797101449274,0.9622641509433962,0.0,0.8478260869565217,0.062223659158994256
Epilepsy,2,drift,0.2,0.05,clean_split_cp,89,48,480,138,3,206,4,1.0,3.971014492753623,0.0,0.0,0.0,0.8260869565217391,0.08186305445308027
Epilepsy,2,drift,0.2,0.05,aug_split_cp,89,48,480,138,3,206,4,0.9710144927536232,2.2246376811594204,0.2536231884057971,0.9428571428571428,0.0,0.8260869565217391,0.08186305445308027
Epilepsy,2,drift,0.2,0.05,fast_cp_mixed_input_only,89,48,480,138,3,206,4,0.9710144927536232,2.028985507246377,0.36231884057971014,0.96,0.0,0.8260869565217391,0.08186305445308027
Epilepsy,2,drift,0.2,0.05,fast_cp_mixed_confidence_only,89,48,480,138,3,206,4,0.9637681159420289,2.1449275362318843,0.21739130434782608,0.9333333333333333,0.0,0.8260869565217391,0.08186305445308027
Epilepsy,2,drift,0.2,0.05,fast_cp_mixed_random_fingerprint,89,48,480,138,3,206,4,0.9710144927536232,2.1956521739130435,0.26811594202898553,0.9459459459459459,0.0,0.8260869565217391,0.08186305445308027
Epilepsy,2,drift,0.2,0.05,fast_cp_mixed,89,48,480,138,3,206,4,0.9710144927536232,2.050724637681159,0.3333333333333333,0.9565217391304348,0.0,0.8260869565217391,0.08186305445308027
Epilepsy,2,drift,0.4,0.05,clean_split_cp,89,48,480,138,3,206,4,1.0,3.971014492753623,0.0,0.0,0.0,0.8115942028985508,0.06255971909278946
Epilepsy,2,drift,0.4,0.05,aug_split_cp,89,48,480,138,3,206,4,0.9710144927536232,2.1666666666666665,0.2753623188405797,0.9473684210526315,0.0,0.8115942028985508,0.06255971909278946
Epilepsy,2,drift,0.4,0.05,fast_cp_mixed_input_only,89,48,480,138,3,206,4,0.9492753623188406,2.0869565217391304,0.3333333333333333,0.8913043478260869,0.0,0.8115942028985508,0.06255971909278946
Epilepsy,2,drift,0.4,0.05,fast_cp_mixed_confidence_only,89,48,480,138,3,206,4,0.9565217391304348,2.130434782608696,0.2246376811594203,0.9354838709677419,0.0,0.8115942028985508,0.06255971909278946
Epilepsy,2,drift,0.4,0.05,fast_cp_mixed_random_fingerprint,89,48,480,138,3,206,4,0.9565217391304348,2.0942028985507246,0.30434782608695654,0.9047619047619048,0.0,0.8115942028985508,0.06255971909278946
Epilepsy,2,drift,0.4,0.05,fast_cp_mixed,89,48,480,138,3,206,4,0.9565217391304348,2.108695652173913,0.30434782608695654,0.9047619047619048,0.0,0.8115942028985508,0.06255971909278946
NATOPS,0,gap,0.05,0.05,clean_split_cp,117,63,630,180,24,51,6,0.8833333333333333,1.4277777777777778,0.6444444444444445,0.9568965517241379,0.0,0.7944444444444444,0.1070579588698446
NATOPS,0,gap,0.05,0.05,aug_split_cp,117,63,630,180,24,51,6,0.9055555555555556,1.6055555555555556,0.5888888888888889,0.9716981132075472,0.0,0.7944444444444444,0.1070579588698446
NATOPS,0,gap,0.05,0.05,fast_cp_mixed_input_only,117,63,630,180,24,51,6,0.9,1.5277777777777777,0.6055555555555555,0.963302752293578,0.0,0.7944444444444444,0.1070579588698446
NATOPS,0,gap,0.05,0.05,fast_cp_mixed_confidence_only,117,63,630,180,24,51,6,0.9111111111111111,1.6166666666666667,0.5888888888888889,0.9716981132075472,0.0,0.7944444444444444,0.1070579588698446
NATOPS,0,gap,0.05,0.05,fast_cp_mixed_random_fingerprint,117,63,630,180,24,51,6,0.9055555555555556,1.5666666666666667,0.6,0.9629629629629629,0.0,0.7944444444444444,0.1070579588698446
NATOPS,0,gap,0.05,0.05,fast_cp_mixed,117,63,630,180,24,51,6,0.9055555555555556,1.5555555555555556,0.6055555555555555,0.963302752293578,0.0,0.7944444444444444,0.1070579588698446
NATOPS,0,gap,0.1,0.05,clean_split_cp,117,63,630,180,24,51,6,0.8777777777777778,1.4833333333333334,0.6666666666666666,0.9166666666666666,0.0,0.7666666666666667,0.09679351575897119
NATOPS,0,gap,0.1,0.05,aug_split_cp,117,63,630,180,24,51,6,0.9,1.6777777777777778,0.5888888888888889,0.9433962264150944,0.0,0.7666666666666667,0.09679351575897119
NATOPS,0,gap,0.1,0.05,fast_cp_mixed_input_only,117,63,630,180,24,51,6,0.8944444444444445,1.6166666666666667,0.6111111111111112,0.9363636363636364,0.0,0.7666666666666667,0.09679351575897119
NATOPS,0,gap,0.1,0.05,fast_cp_mixed_confidence_only,117,63,630,180,24,51,6,0.9,1.6444444444444444,0.6,0.9444444444444444,0.0,0.7666666666666667,0.09679351575897119
NATOPS,0,gap,0.1,0.05,fast_cp_mixed_random_fingerprint,117,63,630,180,24,51,6,0.9,1.65,0.6,0.9444444444444444,0.0,0.7666666666666667,0.09679351575897119
NATOPS,0,gap,0.1,0.05,fast_cp_mixed,117,63,630,180,24,51,6,0.8944444444444445,1.6388888888888888,0.6055555555555555,0.9357798165137615,0.0,0.7666666666666667,0.09679351575897119
NATOPS,0,gap,0.2,0.05,clean_split_cp,117,63,630,180,24,51,6,0.8277777777777777,1.5555555555555556,0.6055555555555555,0.8807339449541285,0.0,0.7166666666666667,0.11620349683564905
NATOPS,0,gap,0.2,0.05,aug_split_cp,117,63,630,180,24,51,6,0.8555555555555555,1.7777777777777777,0.5333333333333333,0.90625,0.0,0.7166666666666667,0.11620349683564905
NATOPS,0,gap,0.2,0.05,fast_cp_mixed_input_only,117,63,630,180,24,51,6,0.8555555555555555,1.7,0.5555555555555556,0.9,0.0,0.7166666666666667,0.11620349683564905
NATOPS,0,gap,0.2,0.05,fast_cp_mixed_confidence_only,117,63,630,180,24,51,6,0.85,1.7333333333333334,0.5444444444444444,0.8979591836734694,0.0,0.7166666666666667,0.11620349683564905
NATOPS,0,gap,0.2,0.05,fast_cp_mixed_random_fingerprint,117,63,630,180,24,51,6,0.8555555555555555,1.75,0.5555555555555556,0.9,0.0,0.7166666666666667,0.11620349683564905
NATOPS,0,gap,0.2,0.05,fast_cp_mixed,117,63,630,180,24,51,6,0.8555555555555555,1.75,0.5555555555555556,0.9,0.0,0.7166666666666667,0.11620349683564905
NATOPS,0,noise,0.05,0.05,clean_split_cp,117,63,630,180,24,51,6,0.9222222222222223,1.3888888888888888,0.6722222222222223,0.9504132231404959,0.0,0.8055555555555556,0.08244901818244232
NATOPS,0,noise,0.05,0.05,aug_split_cp,117,63,630,180,24,51,6,0.95,1.5222222222222221,0.5944444444444444,0.9719626168224299,0.0,0.8055555555555556,0.08244901818244232
NATOPS,0,noise,0.05,0.05,fast_cp_mixed_input_only,117,63,630,180,24,51,6,0.9444444444444444,1.4722222222222223,0.6333333333333333,0.9649122807017544,0.0,0.8055555555555556,0.08244901818244232
NATOPS,0,noise,0.05,0.05,fast_cp_mixed_confidence_only,117,63,630,180,24,51,6,0.9444444444444444,1.4944444444444445,0.6166666666666667,0.963963963963964,0.0,0.8055555555555556,0.08244901818244232
NATOPS,0,noise,0.05,0.05,fast_cp_mixed_random_fingerprint,117,63,630,180,24,51,6,0.95,1.488888888888889,0.6277777777777778,0.9646017699115044,0.0,0.8055555555555556,0.08244901818244232
NATOPS,0,noise,0.05,0.05,fast_cp_mixed,117,63,630,180,24,51,6,0.9444444444444444,1.4777777777777779,0.6333333333333333,0.9649122807017544,0.0,0.8055555555555556,0.08244901818244232
NATOPS,0,noise,0.1,0.05,clean_split_cp,117,63,630,180,24,51,6,0.9222222222222223,1.3833333333333333,0.6888888888888889,0.9435483870967742,0.0,0.8055555555555556,0.08543341651318681
NATOPS,0,noise,0.1,0.05,aug_split_cp,117,63,630,180,24,51,6,0.9444444444444444,1.5444444444444445,0.6222222222222222,0.9553571428571429,0.0,0.8055555555555556,0.08543341651318681
NATOPS,0,noise,0.1,0.05,fast_cp_mixed_input_only,117,63,630,180,24,51,6,0.9277777777777778,1.4833333333333334,0.6388888888888888,0.9565217391304348,0.0,0.8055555555555556,0.08543341651318681
NATOPS,0,noise,0.1,0.05,fast_cp_mixed_confidence_only,117,63,630,180,24,51,6,0.9388888888888889,1.55,0.6222222222222222,0.9553571428571429,0.0,0.8055555555555556,0.08543341651318681
NATOPS,0,noise,0.1,0.05,fast_cp_mixed_random_fingerprint,117,63,630,180,24,51,6,0.9388888888888889,1.5333333333333334,0.6222222222222222,0.9553571428571429,0.0,0.8055555555555556,0.08543341651318681
NATOPS,0,noise,0.1,0.05,fast_cp_mixed,117,63,630,180,24,51,6,0.9333333333333333,1.4944444444444445,0.6388888888888888,0.9565217391304348,0.0,0.8055555555555556,0.08543341651318681
NATOPS,0,noise,0.2,0.05,clean_split_cp,117,63,630,180,24,51,6,0.8888888888888888,1.461111111111111,0.6833333333333333,0.9186991869918699,0.0,0.7777777777777778,0.09818315872132292
NATOPS,0,noise,0.2,0.05,aug_split_cp,117,63,630,180,24,51,6,0.9055555555555556,1.5777777777777777,0.6388888888888888,0.9304347826086956,0.0,0.7777777777777778,0.09818315872132292
NATOPS,0,noise,0.2,0.05,fast_cp_mixed_input_only,117,63,630,180,24,51,6,0.9055555555555556,1.55,0.6555555555555556,0.923728813559322,0.0,0.7777777777777778,0.09818315872132292
NATOPS,0,noise,0.2,0.05,fast_cp_mixed_confidence_only,117,63,630,180,24,51,6,0.9055555555555556,1.5888888888888888,0.6444444444444445,0.9310344827586207,0.0,0.7777777777777778,0.09818315872132292
NATOPS,0,noise,0.2,0.05,fast_cp_mixed_random_fingerprint,117,63,630,180,24,51,6,0.9055555555555556,1.5722222222222222,0.6444444444444445,0.9310344827586207,0.0,0.7777777777777778,0.09818315872132292
NATOPS,0,noise,0.2,0.05,fast_cp_mixed,117,63,630,180,24,51,6,0.9055555555555556,1.5611111111111111,0.6555555555555556,0.923728813559322,0.0,0.7777777777777778,0.09818315872132292
NATOPS,0,drift,0.1,0.05,clean_split_cp,117,63,630,180,24,51,6,0.9111111111111111,1.3833333333333333,0.6944444444444444,0.896,0.0,0.7833333333333333,0.1102428724906463
NATOPS,0,drift,0.1,0.05,aug_split_cp,117,63,630,180,24,51,6,0.9166666666666666,1.4722222222222223,0.6555555555555556,0.8983050847457628,0.0,0.7833333333333333,0.1102428724906463
NATOPS,0,drift,0.1,0.05,fast_cp_mixed_input_only,117,63,630,180,24,51,6,0.9166666666666666,1.461111111111111,0.6555555555555556,0.8983050847457628,0.0,0.7833333333333333,0.1102428724906463
NATOPS,0,drift,0.1,0.05,fast_cp_mixed_confidence_only,117,63,630,180,24,51,6,0.9166666666666666,1.4777777777777779,0.6555555555555556,0.8983050847457628,0.0,0.7833333333333333,0.1102428724906463
NATOPS,0,drift,0.1,0.05,fast_cp_mixed_random_fingerprint,117,63,630,180,24,51,6,0.9166666666666666,1.461111111111111,0.6555555555555556,0.8983050847457628,0.0,0.7833333333333333,0.1102428724906463
NATOPS,0,drift,0.1,0.05,fast_cp_mixed,117,63,630,180,24,51,6,0.9166666666666666,1.461111111111111,0.6555555555555556,0.8983050847457628,0.0,0.7833333333333333,0.1102428724906463
NATOPS,0,drift,0.2,0.05,clean_split_cp,117,63,630,180,24,51,6,0.8722222222222222,1.3833333333333333,0.6944444444444444,0.896,0.0,0.8,0.11972006958440304
NATOPS,0,drift,0.2,0.05,aug_split_cp,117,63,630,180,24,51,6,0.8888888888888888,1.5,0.6333333333333333,0.9122807017543859,0.0,0.8,0.11972006958440304
NATOPS,0,drift,0.2,0.05,fast_cp_mixed_input_only,117,63,630,180,24,51,6,0.8833333333333333,1.4555555555555555,0.6611111111111111,0.8991596638655462,0.0,0.8,0.11972006958440304
NATOPS,0,drift,0.2,0.05,fast_cp_mixed_confidence_only,117,63,630,180,24,51,6,0.8833333333333333,1.4722222222222223,0.6444444444444445,0.9051724137931034,0.0,0.8,0.11972006958440304
NATOPS,0,drift,0.2,0.05,fast_cp_mixed_random_fingerprint,117,63,630,180,24,51,6,0.8777777777777778,1.461111111111111,0.6555555555555556,0.8983050847457628,0.0,0.8,0.11972006958440304
NATOPS,0,drift,0.2,0.05,fast_cp_mixed,117,63,630,180,24,51,6,0.8833333333333333,1.4555555555555555,0.6611111111111111,0.8991596638655462,0.0,0.8,0.11972006958440304
NATOPS,0,drift,0.4,0.05,clean_split_cp,117,63,630,180,24,51,6,0.8444444444444444,1.3555555555555556,0.7166666666666667,0.8604651162790697,0.0,0.7611111111111111,0.13887616185491766
NATOPS,0,drift,0.4,0.05,aug_split_cp,117,63,630,180,24,51,6,0.8555555555555555,1.4166666666666667,0.6777777777777778,0.8770491803278688,0.0,0.7611111111111111,0.13887616185491766
NATOPS,0,drift,0.4,0.05,fast_cp_mixed_input_only,117,63,630,180,24,51,6,0.8444444444444444,1.3944444444444444,0.6944444444444444,0.864,0.0,0.7611111111111111,0.13887616185491766
NATOPS,0,drift,0.4,0.05,fast_cp_mixed_confidence_only,117,63,630,180,24,51,6,0.8611111111111112,1.4111111111111112,0.6888888888888889,0.8790322580645161,0.0,0.7611111111111111,0.13887616185491766
NATOPS,0,drift,0.4,0.05,fast_cp_mixed_random_fingerprint,117,63,630,180,24,51,6,0.8555555555555555,1.4055555555555554,0.6833333333333333,0.8780487804878049,0.0,0.7611111111111111,0.13887616185491766
NATOPS,0,drift,0.4,0.05,fast_cp_mixed,117,63,630,180,24,51,6,0.85,1.4,0.6888888888888889,0.8709677419354839,0.0,0.7611111111111111,0.13887616185491766
NATOPS,1,gap,0.05,0.05,clean_split_cp,117,63,630,180,24,51,6,0.9277777777777778,1.6777777777777778,0.5888888888888889,0.9433962264150944,0.0,0.8111111111111111,0.08308450323015681
NATOPS,1,gap,0.05,0.05,aug_split_cp,117,63,630,180,24,51,6,0.9444444444444444,1.8277777777777777,0.5611111111111111,0.9504950495049505,0.0,0.8111111111111111,0.08308450323015681
NATOPS,1,gap,0.05,0.05,fast_cp_mixed_input_only,117,63,630,180,24,51,6,0.9333333333333333,1.7777777777777777,0.5888888888888889,0.9433962264150944,0.0,0.8111111111111111,0.08308450323015681
NATOPS,1,gap,0.05,0.05,fast_cp_mixed_confidence_only,117,63,630,180,24,51,6,0.9388888888888889,1.7944444444444445,0.5444444444444444,0.9489795918367347,0.0,0.8111111111111111,0.08308450323015681
NATOPS,1,gap,0.05,0.05,fast_cp_mixed_random_fingerprint,117,63,630,180,24,51,6,0.9333333333333333,1.7777777777777777,0.5666666666666667,0.9411764705882353,0.0,0.8111111111111111,0.08308450323015681
NATOPS,1,gap,0.05,0.05,fast_cp_mixed,117,63,630,180,24,51,6,0.9333333333333333,1.7833333333333334,0.5722222222222222,0.941747572815534,0.0,0.8111111111111111,0.08308450323015681
NATOPS,1,gap,0.1,0.05,clean_split_cp,117,63,630,180,24,51,6,0.9055555555555556,1.7666666666666666,0.5333333333333333,0.9479166666666666,0.0,0.7888888888888889,0.08663602089139538
NATOPS,1,gap,0.1,0.05,aug_split_cp,117,63,630,180,24,51,6,0.9166666666666666,1.9833333333333334,0.4777777777777778,0.9534883720930233,0.0,0.7888888888888889,0.08663602089139538
NATOPS,1,gap,0.1,0.05,fast_cp_mixed_input_only,117,63,630,180,24,51,6,0.9166666666666666,1.8888888888888888,0.5277777777777778,0.9473684210526315,0.0,0.7888888888888889,0.08663602089139538
NATOPS,1,gap,0.1,0.05,fast_cp_mixed_confidence_only,117,63,630,180,24,51,6,0.9111111111111111,1.9166666666666667,0.46111111111111114,0.963855421686747,0.0,0.7888888888888889,0.08663602089139538
NATOPS,1,gap,0.1,0.05,fast_cp_mixed_random_fingerprint,117,63,630,180,24,51,6,0.9166666666666666,1.9111111111111112,0.49444444444444446,0.9438202247191011,0.0,0.7888888888888889,0.08663602089139538
NATOPS,1,gap,0.1,0.05,fast_cp_mixed,117,63,630,180,24,51,6,0.9166666666666666,1.8888888888888888,0.5166666666666667,0.946236559139785,0.0,0.7888888888888889,0.08663602089139538
NATOPS,1,gap,0.2,0.05,clean_split_cp,117,63,630,180,24,51,6,0.9,1.9166666666666667,0.49444444444444446,0.9213483146067416,0.0,0.7611111111111111,0.12547663939059073
NATOPS,1,gap,0.2,0.05,aug_split_cp,117,63,630,180,24,51,6,0.9055555555555556,2.1333333333333333,0.4166666666666667,0.9333333333333333,0.0,0.7611111111111111,0.12547663939059073
NATOPS,1,gap,0.2,0.05,fast_cp_mixed_input_only,117,63,630,180,24,51,6,0.9055555555555556,2.022222222222222,0.48333333333333334,0.9195402298850575,0.0,0.7611111111111111,0.12547663939059073
NATOPS,1,gap,0.2,0.05,fast_cp_mixed_confidence_only,117,63,630,180,24,51,6,0.9,2.0444444444444443,0.40555555555555556,0.9452054794520548,0.0,0.7611111111111111,0.12547663939059073
NATOPS,1,gap,0.2,0.05,fast_cp_mixed_random_fingerprint,117,63,630,180,24,51,6,0.9055555555555556,2.1055555555555556,0.42777777777777776,0.9090909090909091,0.0,0.7611111111111111,0.12547663939059073
NATOPS,1,gap,0.2,0.05,fast_cp_mixed,117,63,630,180,24,51,6,0.9055555555555556,2.022222222222222,0.4722222222222222,0.9176470588235294,0.0,0.7611111111111111,0.12547663939059073
NATOPS,1,noise,0.05,0.05,clean_split_cp,117,63,630,180,24,51,6,0.95,1.5555555555555556,0.6222222222222222,0.9464285714285714,0.0,0.8555555555555555,0.060824103740475186
NATOPS,1,noise,0.05,0.05,aug_split_cp,117,63,630,180,24,51,6,0.9666666666666667,1.7166666666666666,0.55,0.9696969696969697,0.0,0.8555555555555555,0.060824103740475186
NATOPS,1,noise,0.05,0.05,fast_cp_mixed_input_only,117,63,630,180,24,51,6,0.9555555555555556,1.5833333333333333,0.6055555555555555,0.9541284403669725,0.0,0.8555555555555555,0.060824103740475186
NATOPS,1,noise,0.05,0.05,fast_cp_mixed_confidence_only,117,63,630,180,24,51,6,0.9722222222222222,1.6888888888888889,0.5388888888888889,0.9690721649484536,0.0,0.8555555555555555,0.060824103740475186
NATOPS,1,noise,0.05,0.05,fast_cp_mixed_random_fingerprint,117,63,630,180,24,51,6,0.9555555555555556,1.6277777777777778,0.5833333333333334,0.9523809523809523,0.0,0.8555555555555555,0.060824103740475186
NATOPS,1,noise,0.05,0.05,fast_cp_mixed,117,63,630,180,24,51,6,0.9555555555555556,1.6055555555555556,0.5888888888888889,0.9528301886792453,0.0,0.8555555555555555,0.060824103740475186
NATOPS,1,noise,0.1,0.05,clean_split_cp,117,63,630,180,24,51,6,0.9444444444444444,1.5833333333333333,0.6111111111111112,0.9363636363636364,0.0,0.8166666666666667,0.0728634408329954
NATOPS,1,noise,0.1,0.05,aug_split_cp,117,63,630,180,24,51,6,0.95,1.7166666666666666,0.5555555555555556,0.95,0.0,0.8166666666666667,0.0728634408329954
NATOPS,1,noise,0.1,0.05,fast_cp_mixed_input_only,117,63,630,180,24,51,6,0.95,1.6666666666666667,0.5722222222222222,0.9514563106796117,0.0,0.8166666666666667,0.0728634408329954
NATOPS,1,noise,0.1,0.05,fast_cp_mixed_confidence_only,117,63,630,180,24,51,6,0.95,1.7444444444444445,0.5277777777777778,0.9578947368421052,0.0,0.8166666666666667,0.0728634408329954
NATOPS,1,noise,0.1,0.05,fast_cp_mixed_random_fingerprint,117,63,630,180,24,51,6,0.95,1.6722222222222223,0.5666666666666667,0.9509803921568627,0.0,0.8166666666666667,0.0728634408329954
NATOPS,1,noise,0.1,0.05,fast_cp_mixed,117,63,630,180,24,51,6,0.95,1.6777777777777778,0.5722222222222222,0.9514563106796117,0.0,0.8166666666666667,0.0728634408329954
NATOPS,1,noise,0.2,0.05,clean_split_cp,117,63,630,180,24,51,6,0.9388888888888889,1.8055555555555556,0.5611111111111111,0.9504950495049505,0.0,0.7833333333333333,0.07974751174287714
NATOPS,1,noise,0.2,0.05,aug_split_cp,117,63,630,180,24,51,6,0.9444444444444444,2.0277777777777777,0.5166666666666667,0.956989247311828,0.0,0.7833333333333333,0.07974751174287714
NATOPS,1,noise,0.2,0.05,fast_cp_mixed_input_only,117,63,630,180,24,51,6,0.9388888888888889,1.8777777777777778,0.5555555555555556,0.95,0.0,0.7833333333333333,0.07974751174287714
NATOPS,1,noise,0.2,0.05,fast_cp_mixed_confidence_only,117,63,630,180,24,51,6,0.9388888888888889,1.9055555555555554,0.5111111111111111,0.967391304347826,0.0,0.7833333333333333,0.07974751174287714
NATOPS,1,noise,0.2,0.05,fast_cp_mixed_random_fingerprint,117,63,630,180,24,51,6,0.9388888888888889,1.9111111111111112,0.5388888888888889,0.9484536082474226,0.0,0.7833333333333333,0.07974751174287714
NATOPS,1,noise,0.2,0.05,fast_cp_mixed,117,63,630,180,24,51,6,0.9388888888888889,1.8888888888888888,0.5444444444444444,0.9489795918367347,0.0,0.7833333333333333,0.07974751174287714
NATOPS,1,drift,0.1,0.05,clean_split_cp,117,63,630,180,24,51,6,0.9388888888888889,1.5722222222222222,0.6055555555555555,0.908256880733945,0.0,0.8055555555555556,0.12196228254071352
NATOPS,1,drift,0.1,0.05,aug_split_cp,117,63,630,180,24,51,6,0.9444444444444444,1.7,0.5555555555555556,0.91,0.0,0.8055555555555556,0.12196228254071352
NATOPS,1,drift,0.1,0.05,fast_cp_mixed_input_only,117,63,630,180,24,51,6,0.9444444444444444,1.6388888888888888,0.5833333333333334,0.9142857142857143,0.0,0.8055555555555556,0.12196228254071352
NATOPS,1,drift,0.1,0.05,fast_cp_mixed_confidence_only,117,63,630,180,24,51,6,0.9444444444444444,1.6833333333333333,0.5444444444444444,0.9081632653061225,0.0,0.8055555555555556,0.12196228254071352
NATOPS,1,drift,0.1,0.05,fast_cp_mixed_random_fingerprint,117,63,630,180,24,51,6,0.9444444444444444,1.6444444444444444,0.5666666666666667,0.9117647058823529,0.0,0.8055555555555556,0.12196228254071352
NATOPS,1,drift,0.1,0.05,fast_cp_mixed,117,63,630,180,24,51,6,0.9444444444444444,1.6555555555555554,0.5777777777777777,0.9134615384615384,0.0,0.8055555555555556,0.12196228254071352
NATOPS,1,drift,0.2,0.05,clean_split_cp,117,63,630,180,24,51,6,0.9055555555555556,1.6166666666666667,0.5888888888888889,0.9150943396226415,0.0,0.7777777777777778,0.11423014321592809
NATOPS,1,drift,0.2,0.05,aug_split_cp,117,63,630,180,24,51,6,0.9277777777777778,1.8333333333333333,0.5166666666666667,0.9247311827956989,0.0,0.7777777777777778,0.11423014321592809
NATOPS,1,drift,0.2,0.05,fast_cp_mixed_input_only,117,63,630,180,24,51,6,0.9222222222222223,1.7,0.5666666666666667,0.9215686274509803,0.0,0.7777777777777778,0.11423014321592809
NATOPS,1,drift,0.2,0.05,fast_cp_mixed_confidence_only,117,63,630,180,24,51,6,0.9222222222222223,1.7777777777777777,0.5055555555555555,0.9340659340659341,0.0,0.7777777777777778,0.11423014321592809
NATOPS,1,drift,0.2,0.05,fast_cp_mixed_random_fingerprint,117,63,630,180,24,51,6,0.9277777777777778,1.738888888888889,0.5444444444444444,0.9285714285714286,0.0,0.7777777777777778,0.11423014321592809
NATOPS,1,drift,0.2,0.05,fast_cp_mixed,117,63,630,180,24,51,6,0.9277777777777778,1.711111111111111,0.5611111111111111,0.9306930693069307,0.0,0.7777777777777778,0.11423014321592809
NATOPS,1,drift,0.4,0.05,clean_split_cp,117,63,630,180,24,51,6,0.8888888888888888,1.5611111111111111,0.6222222222222222,0.8928571428571429,0.0,0.8,0.11350073368085868
NATOPS,1,drift,0.4,0.05,aug_split_cp,117,63,630,180,24,51,6,0.9055555555555556,1.7222222222222223,0.5666666666666667,0.9019607843137255,0.0,0.8,0.11350073368085868
NATOPS,1,drift,0.4,0.05,fast_cp_mixed_input_only,117,63,630,180,24,51,6,0.9,1.6,0.6055555555555555,0.8990825688073395,0.0,0.8,0.11350073368085868
NATOPS,1,drift,0.4,0.05,fast_cp_mixed_confidence_only,117,63,630,180,24,51,6,0.9111111111111111,1.7,0.55,0.9191919191919192,0.0,0.8,0.11350073368085868
NATOPS,1,drift,0.4,0.05,fast_cp_mixed_random_fingerprint,117,63,630,180,24,51,6,0.9,1.6944444444444444,0.5777777777777777,0.8942307692307693,0.0,0.8,0.11350073368085868
NATOPS,1,drift,0.4,0.05,fast_cp_mixed,117,63,630,180,24,51,6,0.9,1.6277777777777778,0.6,0.8981481481481481,0.0,0.8,0.11350073368085868
NATOPS,2,gap,0.05,0.05,clean_split_cp,117,63,630,180,24,51,6,0.9444444444444444,1.85,0.5222222222222223,0.9361702127659575,0.0,0.8055555555555556,0.08908767912134441
NATOPS,2,gap,0.05,0.05,aug_split_cp,117,63,630,180,24,51,6,0.9555555555555556,2.3555555555555556,0.39444444444444443,0.9577464788732394,0.0,0.8055555555555556,0.08908767912134441
NATOPS,2,gap,0.05,0.05,fast_cp_mixed_input_only,117,63,630,180,24,51,6,0.9555555555555556,2.261111111111111,0.4444444444444444,0.95,0.0,0.8055555555555556,0.08908767912134441
NATOPS,2,gap,0.05,0.05,fast_cp_mixed_confidence_only,117,63,630,180,24,51,6,0.9444444444444444,2.216666666666667,0.5,0.9333333333333333,0.0,0.8055555555555556,0.08908767912134441
NATOPS,2,gap,0.05,0.05,fast_cp_mixed_random_fingerprint,117,63,630,180,24,51,6,0.9555555555555556,2.272222222222222,0.42777777777777776,0.961038961038961,0.0,0.8055555555555556,0.08908767912134441
NATOPS,2,gap,0.05,0.05,fast_cp_mixed,117,63,630,180,24,51,6,0.9555555555555556,2.2555555555555555,0.4444444444444444,0.95,0.0,0.8055555555555556,0.08908767912134441
NATOPS,2,gap,0.1,0.05,clean_split_cp,117,63,630,180,24,51,6,0.9388888888888889,1.9055555555555554,0.49444444444444446,0.9775280898876404,0.0,0.8055555555555556,0.1227572015785481
NATOPS,2,gap,0.1,0.05,aug_split_cp,117,63,630,180,24,51,6,0.9555555555555556,2.411111111111111,0.3388888888888889,0.9672131147540983,0.0,0.8055555555555556,0.1227572015785481
NATOPS,2,gap,0.1,0.05,fast_cp_mixed_input_only,117,63,630,180,24,51,6,0.9555555555555556,2.3222222222222224,0.38333333333333336,0.9710144927536232,0.0,0.8055555555555556,0.1227572015785481
NATOPS,2,gap,0.1,0.05,fast_cp_mixed_confidence_only,117,63,630,180,24,51,6,0.9555555555555556,2.261111111111111,0.4666666666666667,0.9761904761904762,0.0,0.8055555555555556,0.1227572015785481
NATOPS,2,gap,0.1,0.05,fast_cp_mixed_random_fingerprint,117,63,630,180,24,51,6,0.9555555555555556,2.3555555555555556,0.35,0.9682539682539683,0.0,0.8055555555555556,0.1227572015785481
NATOPS,2,gap,0.1,0.05,fast_cp_mixed,117,63,630,180,24,51,6,0.9555555555555556,2.2944444444444443,0.3888888888888889,0.9714285714285714,0.0,0.8055555555555556,0.1227572015785481
NATOPS,2,gap,0.2,0.05,clean_split_cp,117,63,630,180,24,51,6,0.9,2.1055555555555556,0.4222222222222222,0.9473684210526315,0.0,0.7222222222222222,0.15662935556532534
NATOPS,2,gap,0.2,0.05,aug_split_cp,117,63,630,180,24,51,6,0.9111111111111111,2.611111111111111,0.3055555555555556,0.9636363636363636,0.0,0.7222222222222222,0.15662935556532534
NATOPS,2,gap,0.2,0.05,fast_cp_mixed_input_only,117,63,630,180,24,51,6,0.9111111111111111,2.522222222222222,0.32222222222222224,0.9655172413793104,0.0,0.7222222222222222,0.15662935556532534
NATOPS,2,gap,0.2,0.05,fast_cp_mixed_confidence_only,117,63,630,180,24,51,6,0.9,2.4722222222222223,0.39444444444444443,0.9577464788732394,0.0,0.7222222222222222,0.15662935556532534
NATOPS,2,gap,0.2,0.05,fast_cp_mixed_random_fingerprint,117,63,630,180,24,51,6,0.9111111111111111,2.5555555555555554,0.31666666666666665,0.9649122807017544,0.0,0.7222222222222222,0.15662935556532534
NATOPS,2,gap,0.2,0.05,fast_cp_mixed,117,63,630,180,24,51,6,0.9111111111111111,2.522222222222222,0.3277777777777778,0.9661016949152542,0.0,0.7222222222222222,0.15662935556532534
NATOPS,2,noise,0.05,0.05,clean_split_cp,117,63,630,180,24,51,6,0.9722222222222222,1.711111111111111,0.5277777777777778,0.9578947368421052,0.0,0.8222222222222222,0.08633353480403816
NATOPS,2,noise,0.05,0.05,aug_split_cp,117,63,630,180,24,51,6,0.9777777777777777,2.138888888888889,0.39444444444444443,0.9859154929577465,0.0,0.8222222222222222,0.08633353480403816
NATOPS,2,noise,0.05,0.05,fast_cp_mixed_input_only,117,63,630,180,24,51,6,0.9777777777777777,2.0444444444444443,0.43333333333333335,0.9743589743589743,0.0,0.8222222222222222,0.08633353480403816
NATOPS,2,noise,0.05,0.05,fast_cp_mixed_confidence_only,117,63,630,180,24,51,6,0.9722222222222222,2.0444444444444443,0.5,0.9555555555555556,0.0,0.8222222222222222,0.08633353480403816
NATOPS,2,noise,0.05,0.05,fast_cp_mixed_random_fingerprint,117,63,630,180,24,51,6,0.9777777777777777,2.1055555555555556,0.40555555555555556,0.9726027397260274,0.0,0.8222222222222222,0.08633353480403816
NATOPS,2,noise,0.05,0.05,fast_cp_mixed,117,63,630,180,24,51,6,0.9777777777777777,2.05,0.43333333333333335,0.9743589743589743,0.0,0.8222222222222222,0.08633353480403816
NATOPS,2,noise,0.1,0.05,clean_split_cp,117,63,630,180,24,51,6,0.9611111111111111,1.8222222222222222,0.5277777777777778,0.9578947368421052,0.0,0.8222222222222222,0.1028168406022272
NATOPS,2,noise,0.1,0.05,aug_split_cp,117,63,630,180,24,51,6,0.9722222222222222,2.2222222222222223,0.40555555555555556,0.9863013698630136,0.0,0.8222222222222222,0.1028168406022272
NATOPS,2,noise,0.1,0.05,fast_cp_mixed_input_only,117,63,630,180,24,51,6,0.9666666666666667,2.1555555555555554,0.4222222222222222,0.9736842105263158,0.0,0.8222222222222222,0.1028168406022272
NATOPS,2,noise,0.1,0.05,fast_cp_mixed_confidence_only,117,63,630,180,24,51,6,0.9666666666666667,2.1444444444444444,0.5055555555555555,0.9560439560439561,0.0,0.8222222222222222,0.1028168406022272
NATOPS,2,noise,0.1,0.05,fast_cp_mixed_random_fingerprint,117,63,630,180,24,51,6,0.9666666666666667,2.1777777777777776,0.4111111111111111,0.972972972972973,0.0,0.8222222222222222,0.1028168406022272
NATOPS,2,noise,0.1,0.05,fast_cp_mixed,117,63,630,180,24,51,6,0.9666666666666667,2.1555555555555554,0.42777777777777776,0.974025974025974,0.0,0.8222222222222222,0.1028168406022272
NATOPS,2,noise,0.2,0.05,clean_split_cp,117,63,630,180,24,51,6,0.9333333333333333,1.9666666666666666,0.5333333333333333,0.9375,0.0,0.8166666666666667,0.09112376736984243
NATOPS,2,noise,0.2,0.05,aug_split_cp,117,63,630,180,24,51,6,0.95,2.45,0.39444444444444443,0.971830985915493,0.0,0.8166666666666667,0.09112376736984243
NATOPS,2,noise,0.2,0.05,fast_cp_mixed_input_only,117,63,630,180,24,51,6,0.9444444444444444,2.3222222222222224,0.43333333333333335,0.9743589743589743,0.0,0.8166666666666667,0.09112376736984243
NATOPS,2,noise,0.2,0.05,fast_cp_mixed_confidence_only,117,63,630,180,24,51,6,0.9444444444444444,2.311111111111111,0.5111111111111111,0.9456521739130435,0.0,0.8166666666666667,0.09112376736984243
NATOPS,2,noise,0.2,0.05,fast_cp_mixed_random_fingerprint,117,63,630,180,24,51,6,0.9444444444444444,2.388888888888889,0.4111111111111111,0.972972972972973,0.0,0.8166666666666667,0.09112376736984243
NATOPS,2,noise,0.2,0.05,fast_cp_mixed,117,63,630,180,24,51,6,0.9444444444444444,2.338888888888889,0.4388888888888889,0.9746835443037974,0.0,0.8166666666666667,0.09112376736984243
NATOPS,2,drift,0.1,0.05,clean_split_cp,117,63,630,180,24,51,6,0.95,1.6388888888888888,0.5888888888888889,0.9339622641509434,0.0,0.8444444444444444,0.08838356876299149
NATOPS,2,drift,0.1,0.05,aug_split_cp,117,63,630,180,24,51,6,0.9666666666666667,2.0555555555555554,0.43333333333333335,0.9487179487179487,0.0,0.8444444444444444,0.08838356876299149
NATOPS,2,drift,0.1,0.05,fast_cp_mixed_input_only,117,63,630,180,24,51,6,0.9666666666666667,1.961111111111111,0.46111111111111114,0.9397590361445783,0.0,0.8444444444444444,0.08838356876299149
NATOPS,2,drift,0.1,0.05,fast_cp_mixed_confidence_only,117,63,630,180,24,51,6,0.9555555555555556,1.8833333333333333,0.5666666666666667,0.9313725490196079,0.0,0.8444444444444444,0.08838356876299149
NATOPS,2,drift,0.1,0.05,fast_cp_mixed_random_fingerprint,117,63,630,180,24,51,6,0.9611111111111111,2.011111111111111,0.45555555555555555,0.926829268292683,0.0,0.8444444444444444,0.08838356876299149
NATOPS,2,drift,0.1,0.05,fast_cp_mixed,117,63,630,180,24,51,6,0.9611111111111111,1.9333333333333333,0.48333333333333334,0.9310344827586207,0.0,0.8444444444444444,0.08838356876299149
NATOPS,2,drift,0.2,0.05,clean_split_cp,117,63,630,180,24,51,6,0.9055555555555556,1.6444444444444444,0.6111111111111112,0.9,0.0,0.7944444444444444,0.10616639405839226
NATOPS,2,drift,0.2,0.05,aug_split_cp,117,63,630,180,24,51,6,0.9277777777777778,2.0166666666666666,0.45,0.9629629629629629,0.0,0.7944444444444444,0.10616639405839226
NATOPS,2,drift,0.2,0.05,fast_cp_mixed_input_only,117,63,630,180,24,51,6,0.9166666666666666,1.9222222222222223,0.4777777777777778,0.9302325581395349,0.0,0.7944444444444444,0.10616639405839226
NATOPS,2,drift,0.2,0.05,fast_cp_mixed_confidence_only,117,63,630,180,24,51,6,0.9166666666666666,1.8611111111111112,0.5777777777777777,0.9134615384615384,0.0,0.7944444444444444,0.10616639405839226
NATOPS,2,drift,0.2,0.05,fast_cp_mixed_random_fingerprint,117,63,630,180,24,51,6,0.9166666666666666,1.95,0.4666666666666667,0.9404761904761905,0.0,0.7944444444444444,0.10616639405839226
NATOPS,2,drift,0.2,0.05,fast_cp_mixed,117,63,630,180,24,51,6,0.9166666666666666,1.9222222222222223,0.48333333333333334,0.9310344827586207,0.0,0.7944444444444444,0.10616639405839226
NATOPS,2,drift,0.4,0.05,clean_split_cp,117,63,630,180,24,51,6,0.85,1.7333333333333334,0.5222222222222223,0.851063829787234,0.0,0.7333333333333333,0.16030779473775414
NATOPS,2,drift,0.4,0.05,aug_split_cp,117,63,630,180,24,51,6,0.8944444444444445,2.1444444444444444,0.3888888888888889,0.8857142857142857,0.0,0.7333333333333333,0.16030779473775414
NATOPS,2,drift,0.4,0.05,fast_cp_mixed_input_only,117,63,630,180,24,51,6,0.8888888888888888,2.033333333333333,0.43333333333333335,0.8846153846153846,0.0,0.7333333333333333,0.16030779473775414
NATOPS,2,drift,0.4,0.05,fast_cp_mixed_confidence_only,117,63,630,180,24,51,6,0.8722222222222222,2.0277777777777777,0.49444444444444446,0.8539325842696629,0.0,0.7333333333333333,0.16030779473775414
NATOPS,2,drift,0.4,0.05,fast_cp_mixed_random_fingerprint,117,63,630,180,24,51,6,0.8888888888888888,2.077777777777778,0.40555555555555556,0.8767123287671232,0.0,0.7333333333333333,0.16030779473775414
NATOPS,2,drift,0.4,0.05,fast_cp_mixed,117,63,630,180,24,51,6,0.8833333333333333,2.033333333333333,0.4444444444444444,0.875,0.0,0.7333333333333333,0.16030779473775414
